date,S&P500,VIX,SOFR_Rate,SP500_Return,Prev_S&P500
2019-01-03,2447.89,25.45,0.027000000000000003,-0.02475667621502542,2510.03
2019-01-04,2531.94,21.38,0.0245,0.0343356931888279,2447.89
2019-01-07,2549.69,21.4,0.0241,0.00701043468644591,2531.94
2019-01-08,2574.41,20.47,0.0242,0.009695296290921585,2549.69
2019-01-09,2584.96,19.98,0.0245,0.0040980263439003295,2574.41
2019-01-10,2596.64,19.5,0.024300000000000002,0.004518445159692908,2584.96
2019-01-11,2596.26,18.19,0.0241,-0.00014634296629478794,2596.64
2019-01-14,2582.61,19.07,0.024,-0.005257562801876614,2596.26
2019-01-15,2610.3,18.6,0.0246,0.010721711756711327,2582.61
2019-01-16,2616.1,19.04,0.024300000000000002,0.002221966823736654,2610.3
2019-01-17,2635.96,18.06,0.0241,0.007591452926111408,2616.1
2019-01-18,2670.71,17.8,0.0242,0.013183052853609212,2635.96
2019-01-22,2632.9,20.8,0.0241,-0.014157284018107563,2670.71
2019-01-23,2638.7,19.52,0.024,0.0022028941471379238,2632.9
2019-01-24,2642.33,18.89,0.0241,0.001375677416909804,2638.7
2019-01-25,2664.76,17.42,0.024,0.0084887201825663,2642.33
2019-01-28,2643.85,18.87,0.0239,-0.0078468605052614,2664.76
2019-01-29,2640.0,19.13,0.024,-0.001456209694195909,2643.85
2019-01-30,2681.05,17.66,0.0239,0.015549242424242493,2640.0
2019-01-31,2704.1,16.57,0.0258,0.008597377892989533,2681.05
2019-02-01,2706.53,16.14,0.024700000000000003,0.000898635405495396,2704.1
2019-02-04,2724.87,15.73,0.024,0.006776204217207926,2706.53
2019-02-05,2737.7,15.57,0.024,0.004708481505539597,2724.87
2019-02-06,2731.61,15.38,0.023799999999999998,-0.002224495014062744,2737.7
2019-02-07,2706.05,16.37,0.023799999999999998,-0.009357119061652264,2731.61
2019-02-08,2707.88,15.72,0.023700000000000002,0.0006762624489569102,2706.05
2019-02-11,2709.8,15.97,0.024,0.0007090417596054,2707.88
2019-02-12,2744.73,15.43,0.0239,0.012890250202966858,2709.8
2019-02-13,2753.03,15.65,0.023799999999999998,0.003023976857468691,2744.73
2019-02-14,2745.73,16.22,0.0239,-0.0026516238471793185,2753.03
2019-02-15,2775.6,14.91,0.024300000000000002,0.010878709851296353,2745.73
2019-02-19,2779.76,14.88,0.024,0.0014987750396311394,2775.6
2019-02-20,2784.7,14.02,0.0239,0.0017771318387196366,2779.76
2019-02-21,2774.88,14.46,0.0239,-0.003526412180845262,2784.7
2019-02-22,2792.67,13.51,0.024,0.006411088047050706,2774.88
2019-02-25,2796.11,14.85,0.023799999999999998,0.0012317960947767492,2792.67
2019-02-26,2793.9,15.17,0.023799999999999998,-0.0007903837831845228,2796.11
2019-02-27,2792.38,14.7,0.023700000000000002,-0.0005440423780378456,2793.9
2019-02-28,2784.49,14.78,0.0258,-0.0028255466662847617,2792.38
2019-03-01,2803.69,13.57,0.023799999999999998,0.0068953381050032014,2784.49
2019-03-04,2792.81,14.63,0.023799999999999998,-0.0038806002090102654,2803.69
2019-03-05,2789.65,14.74,0.023799999999999998,-0.0011314768996100177,2792.81
2019-03-06,2771.45,15.74,0.023799999999999998,-0.0065241159285216455,2789.65
2019-03-07,2748.93,16.59,0.023799999999999998,-0.008125710368218741,2771.45
2019-03-08,2743.07,16.05,0.0239,-0.0021317385309919112,2748.93
2019-03-11,2783.3,14.33,0.023799999999999998,0.014666049353461608,2743.07
2019-03-12,2791.52,13.77,0.0239,0.0029533287823806376,2783.3
2019-03-13,2810.92,13.41,0.024,0.006949618845646821,2791.52
2019-03-14,2808.48,13.5,0.0242,-0.0008680432029370966,2810.92
2019-03-15,2822.48,12.88,0.0246,0.004984902865607044,2808.48
2019-03-18,2832.94,13.1,0.0241,0.0037059607153993035,2822.48
2019-03-19,2832.57,13.56,0.0242,-0.0001306063665308388,2832.94
2019-03-20,2824.23,13.91,0.024700000000000003,-0.0029443226469249018,2832.57
2019-03-21,2854.88,13.63,0.024399999999999998,0.010852515552911779,2824.23
2019-03-22,2800.71,16.48,0.024,-0.018974527826038257,2854.88
2019-03-25,2798.36,16.33,0.024,-0.0008390729493592541,2800.71
2019-03-26,2818.46,14.68,0.024,0.007182778484540853,2798.36
2019-03-27,2805.37,15.15,0.024,-0.004644380264399728,2818.46
2019-03-28,2815.44,14.43,0.024300000000000002,0.0035895443381801506,2805.37
2019-03-29,2834.4,13.71,0.0265,0.006734293751598397,2815.44
2019-04-01,2867.19,13.4,0.0246,0.01156858594411525,2834.4
2019-04-02,2867.24,13.36,0.0246,1.7438676892522764e-05,2867.19
2019-04-03,2873.4,13.74,0.024700000000000003,0.0021484075277968806,2867.24
2019-04-04,2879.39,13.58,0.0246,0.0020846384074615365,2873.4
2019-04-05,2892.74,12.82,0.0246,0.004636398681665099,2879.39
2019-04-08,2895.77,13.18,0.0246,0.0010474498226595852,2892.74
2019-04-09,2878.2,14.28,0.0245,-0.0060674708281390766,2895.77
2019-04-10,2888.21,13.3,0.0245,0.0034778681120144483,2878.2
2019-04-11,2888.32,13.02,0.024399999999999998,3.808587325715429e-05,2888.21
2019-04-12,2907.41,12.01,0.024399999999999998,0.006609378462220095,2888.32
2019-04-15,2905.58,12.32,0.024700000000000003,-0.0006294261903205811,2907.41
2019-04-16,2907.06,12.18,0.024700000000000003,0.000509364739569973,2905.58
2019-04-17,2900.45,12.6,0.025,-0.002273774879087531,2907.06
2019-04-18,2905.03,12.09,0.025,0.0015790653174507785,2900.45
2019-04-22,2907.97,12.42,0.0246,0.001012037741434657,2905.03
2019-04-23,2933.68,12.28,0.0246,0.008841219132246891,2907.97
2019-04-24,2927.25,13.14,0.024399999999999998,-0.0021917864252406494,2933.68
2019-04-25,2926.17,13.25,0.0245,-0.00036894696387390624,2927.25
2019-04-26,2939.88,12.73,0.0246,0.004685305365033532,2926.17
2019-04-29,2943.03,13.11,0.0248,0.0010714723049920494,2939.88
2019-04-30,2945.83,13.12,0.0276,0.0009514004274504551,2943.03
2019-05-01,2923.73,14.8,0.0254,-0.007502130129708795,2945.83
2019-05-02,2917.52,14.42,0.025,-0.0021239991380873624,2923.73
2019-05-03,2945.64,12.87,0.024300000000000002,0.00963832295922562,2917.52
2019-05-06,2932.47,15.44,0.0242,-0.004471014787957861,2945.64
2019-05-07,2884.05,19.32,0.024399999999999998,-0.016511677868827124,2932.47
2019-05-08,2879.42,19.4,0.024300000000000002,-0.0016053813214057522,2884.05
2019-05-09,2870.72,19.1,0.0241,-0.0030214418181440106,2879.42
2019-05-10,2881.4,16.04,0.024,0.0037203210344445292,2870.72
2019-05-13,2811.87,20.55,0.023799999999999998,-0.024130630943291487,2881.4
2019-05-14,2834.41,18.06,0.0239,0.008016017810211773,2811.87
2019-05-15,2850.96,16.44,0.0248,0.00583895766667486,2834.41
2019-05-16,2876.32,15.29,0.024300000000000002,0.008895249319527565,2850.96
2019-05-17,2859.53,15.96,0.0242,-0.005837319908772343,2876.32
2019-05-20,2840.23,16.31,0.0239,-0.006749360908960611,2859.53
2019-05-21,2864.36,14.95,0.023799999999999998,0.008495790833841,2840.23
2019-05-22,2856.27,14.75,0.023700000000000002,-0.002824365652362215,2864.36
2019-05-23,2822.24,16.92,0.023700000000000002,-0.011914139769699683,2856.27
2019-05-24,2826.06,15.85,0.023700000000000002,0.001353534780883292,2822.24
2019-05-28,2802.39,17.5,0.0241,-0.008375618352052028,2826.06
2019-05-29,2783.02,17.9,0.024,-0.0069119572935958384,2802.39
2019-05-30,2788.86,17.3,0.024,0.0020984398243635294,2783.02
2019-05-31,2752.06,18.71,0.024900000000000002,-0.013195355808466647,2788.86
2019-06-03,2744.45,18.86,0.024,-0.0027652013400870645,2752.06
2019-06-04,2803.27,16.97,0.0239,0.021432345278653342,2744.45
2019-06-05,2826.15,16.09,0.024,0.008161896642135735,2803.27
2019-06-06,2843.49,15.93,0.024,0.006135555437609463,2826.15
2019-06-07,2873.34,16.3,0.0239,0.010497663083042452,2843.49
2019-06-10,2886.73,15.94,0.0239,0.0046600819951694294,2873.34
2019-06-11,2885.72,15.99,0.023799999999999998,-0.00034987685027698667,2886.73
2019-06-12,2879.84,15.91,0.023700000000000002,-0.002037619727485618,2885.72
2019-06-13,2891.64,15.82,0.0235,0.004097449858325275,2879.84
2019-06-14,2886.98,15.28,0.0235,-0.0016115422390061696,2891.64
2019-06-17,2889.67,15.35,0.0241,0.0009317695307899942,2886.98
2019-06-18,2917.75,15.15,0.0239,0.009717372571954597,2889.67
2019-06-19,2926.46,14.33,0.0236,0.002985176934281464,2917.75
2019-06-20,2954.18,14.75,0.0236,0.009472195075278522,2926.46
2019-06-21,2950.46,15.4,0.023700000000000002,-0.0012592326804730103,2954.18
2019-06-24,2945.35,15.26,0.0239,-0.001731933325650914,2950.46
2019-06-25,2917.38,16.28,0.0241,-0.009496324715228988,2945.35
2019-06-26,2913.78,16.21,0.024300000000000002,-0.0012339839170762978,2917.38
2019-06-27,2924.92,15.82,0.0242,0.003823212459416858,2913.78
2019-06-28,2941.76,15.08,0.025,0.005757422425228809,2924.92
2019-07-01,2964.33,14.06,0.0242,0.007672277820080398,2941.76
2019-07-02,2973.01,12.93,0.025099999999999997,0.0029281490252435205,2964.33
2019-07-03,2995.82,12.57,0.0256,0.007672358989710748,2973.01
2019-07-05,2990.41,13.28,0.0259,-0.0018058494836139527,2995.82
2019-07-08,2975.95,13.96,0.0248,-0.004835457345313876,2990.41
2019-07-09,2979.63,14.09,0.0245,0.0012365799156572876,2975.95
2019-07-10,2993.07,13.03,0.0246,0.004510627158405667,2979.63
2019-07-11,2999.91,12.93,0.0241,0.002285278994477169,2993.07
2019-07-12,3013.77,12.39,0.0236,0.004620138604158219,2999.91
2019-07-15,3014.3,12.68,0.0246,0.00017585947169163063,3013.77
2019-07-16,3004.04,12.86,0.024700000000000003,-0.0034037753375577573,3014.3
2019-07-17,2984.42,13.97,0.024700000000000003,-0.006531204644412147,3004.04
2019-07-18,2995.11,13.53,0.0246,0.0035819355184592006,2984.42
2019-07-19,2976.61,14.45,0.0241,-0.0061767347442999165,2995.11
2019-07-22,2985.03,13.53,0.024,0.0028287212634507952,2976.61
2019-07-23,3005.47,12.61,0.024,0.006847502370160408,2985.03
2019-07-24,3019.56,12.07,0.0241,0.00468811866363672,3005.47
2019-07-25,3003.67,12.74,0.0242,-0.00526235610486292,3019.56
2019-07-26,3025.86,12.16,0.0241,0.007387629133693174,3003.67
2019-07-29,3020.97,12.83,0.024,-0.00161606948107329,3025.86
2019-07-30,3013.18,13.94,0.0239,-0.002578641959370631,3020.97
2019-07-31,2980.38,16.12,0.0255,-0.010885509660889747,3013.18
2019-08-01,2953.56,17.87,0.0219,-0.008998852495319398,2980.38
2019-08-02,2932.05,17.61,0.0219,-0.0072827367651240316,2953.56
2019-08-05,2844.74,24.59,0.0213,-0.02977780051499812,2932.05
2019-08-06,2881.77,20.17,0.021099999999999997,0.013017006826634425,2844.74
2019-08-07,2883.98,19.49,0.021,0.0007668897934256513,2881.77
2019-08-08,2938.09,16.91,0.0209,0.01876226603513209,2883.98
2019-08-09,2918.65,17.97,0.021099999999999997,-0.006616543400644659,2938.09
2019-08-12,2882.7,21.09,0.0212,-0.0123173384955374,2918.65
2019-08-13,2926.32,17.52,0.0216,0.015131647413882954,2882.7
2019-08-14,2840.6,22.1,0.0213,-0.02929276360753441,2926.32
2019-08-15,2847.6,21.18,0.0218,0.002464268112370549,2840.6
2019-08-16,2888.68,18.47,0.0213,0.014426183452732166,2847.6
2019-08-19,2923.65,16.88,0.021099999999999997,0.012105875347909967,2888.68
2019-08-20,2900.51,17.5,0.0213,-0.007914764079147596,2923.65
2019-08-21,2924.43,15.8,0.021,0.008246825558263726,2900.51
2019-08-22,2922.95,16.68,0.0209,-0.0005060815269983809,2924.43
2019-08-23,2847.11,19.87,0.021,-0.025946389777450785,2922.95
2019-08-26,2878.38,19.32,0.021,0.010983067039910699,2847.11
2019-08-27,2869.16,20.31,0.0215,-0.0032031906836484936,2878.38
2019-08-28,2887.94,19.35,0.0212,0.006545469754213773,2869.16
2019-08-29,2924.58,17.88,0.0212,0.012687244194824032,2887.94
2019-08-30,2926.46,18.98,0.0216,0.0006428273461489553,2924.58
2019-09-03,2906.27,19.66,0.0217,-0.006899120439028739,2926.46
2019-09-04,2937.78,17.33,0.022099999999999998,0.010842075925499017,2906.27
2019-09-05,2976.0,16.27,0.022099999999999998,0.013009823744460025,2937.78
2019-09-06,2978.71,15.0,0.0215,0.0009106182795699524,2976.0
2019-09-09,2978.43,15.27,0.0212,-9.400042300200528e-05,2978.71
2019-09-10,2979.39,15.2,0.021400000000000002,0.00032231746255573235,2978.43
2019-09-11,3000.93,14.61,0.0215,0.0072296678179091245,2979.39
2019-09-12,3009.57,14.22,0.022000000000000002,0.0028791074766822966,3000.93
2019-09-13,3007.39,13.74,0.022000000000000002,-0.0007243559711188619,3009.57
2019-09-16,2997.96,14.67,0.024300000000000002,-0.0031356092824674775,3007.39
2019-09-17,3005.7,14.44,0.0525,0.002581755593803692,2997.96
2019-09-18,3006.73,13.95,0.0255,0.0003426822370828919,3005.7
2019-09-19,3006.79,14.05,0.0195,1.9955233758972568e-05,3006.73
2019-09-20,2992.07,15.32,0.018600000000000002,-0.004895586322955614,3006.79
2019-09-23,2991.78,14.91,0.018500000000000003,-9.69228661094057e-05,2992.07
2019-09-24,2966.6,17.05,0.0196,-0.00841639425358831,2991.78
2019-09-25,2984.87,15.96,0.020099999999999996,0.006158565361019441,2966.6
2019-09-26,2977.62,16.07,0.018500000000000003,-0.0024289165022262083,2984.87
2019-09-27,2961.79,17.22,0.0182,-0.005316326462073695,2977.62
2019-09-30,2976.74,16.24,0.0235,0.005047623227845355,2961.79
2019-10-01,2940.25,18.56,0.018799999999999997,-0.012258376613342059,2976.74
2019-10-02,2887.61,20.56,0.018500000000000003,-0.01790323952044892,2940.25
2019-10-03,2910.63,19.12,0.0184,0.007971990677411389,2887.61
2019-10-04,2952.01,17.04,0.0182,0.014216853396000317,2910.63
2019-10-07,2938.79,17.86,0.0183,-0.004478304612789308,2952.01
2019-10-08,2893.06,20.28,0.018500000000000003,-0.015560826054260457,2938.79
2019-10-09,2919.4,18.64,0.018500000000000003,0.009104546742895181,2893.06
2019-10-10,2938.13,17.57,0.018500000000000003,0.00641570185654583,2919.4
2019-10-11,2970.27,15.58,0.018500000000000003,0.010938930544257763,2938.13
2019-10-14,2966.15,14.57,0.018500000000000003,-0.001387079289088211,2970.27
2019-10-15,2995.68,13.54,0.02,0.009955666436289423,2966.15
2019-10-16,2989.69,13.68,0.020499999999999997,-0.0019995460129251796,2995.68
2019-10-17,2997.95,13.79,0.0195,0.002762828253096483,2989.69
2019-10-18,2986.2,14.25,0.018799999999999997,-0.003919344885671916,2997.95
2019-10-21,3006.72,14.0,0.018600000000000002,0.006871609403255041,2986.2
2019-10-22,2995.99,14.46,0.0187,-0.0035686728395061262,3006.72
2019-10-23,3004.52,14.01,0.0187,0.002847139009142241,2995.99
2019-10-24,3010.29,13.71,0.018600000000000002,0.001920439870594981,3004.52
2019-10-25,3022.55,12.65,0.0184,0.004072697314876805,3010.29
2019-10-28,3039.42,13.11,0.0182,0.00558137996062924,3022.55
2019-10-29,3036.89,13.2,0.0181,-0.0008323956544341593,3039.42
2019-10-30,3046.77,12.33,0.0182,0.0032533282404039188,3036.89
2019-10-31,3037.56,13.22,0.0176,-0.0030228734036372717,3046.77
2019-11-01,3066.91,12.3,0.0158,0.009662360578885698,3037.56
2019-11-04,3078.27,12.83,0.015600000000000001,0.00370405391746087,3066.91
2019-11-05,3074.62,13.1,0.0158,-0.001185730946278274,3078.27
2019-11-06,3076.78,12.62,0.015700000000000002,0.0007025258405917167,3074.62
2019-11-07,3085.18,12.73,0.015600000000000001,0.0027301269509030224,3076.78
2019-11-08,3093.08,12.07,0.015600000000000001,0.002560628553277322,3085.18
2019-11-11,3087.01,12.69,0.015600000000000001,-0.001962445200253349,3093.08
2019-11-12,3091.84,12.68,0.015700000000000002,0.001564620781921544,3087.01
2019-11-13,3094.04,13.0,0.015700000000000002,0.0007115504036430131,3091.84
2019-11-14,3096.63,13.05,0.0158,0.0008370932502488326,3094.04
2019-11-15,3120.46,12.05,0.0159,0.007695462486638771,3096.63
2019-11-18,3122.03,12.46,0.015600000000000001,0.0005031309486422941,3120.46
2019-11-19,3120.18,12.86,0.015700000000000002,-0.000592563172038818,3122.03
2019-11-20,3108.46,12.78,0.015700000000000002,-0.0037561935529359936,3120.18
2019-11-21,3103.54,13.13,0.0158,-0.0015827773238195064,3108.46
2019-11-22,3110.29,12.34,0.0158,0.0021749357185665286,3103.54
2019-11-25,3133.64,11.87,0.015600000000000001,0.007507338543994324,3110.29
2019-11-26,3140.52,11.54,0.0154,0.0021955297992111156,3133.64
2019-11-27,3153.63,11.75,0.0155,0.00417446792250975,3140.52
2019-11-29,3140.98,12.62,0.0165,-0.004011250527170329,3153.63
2019-12-02,3113.87,14.91,0.0163,-0.008631064190157245,3140.98
2019-12-03,3093.2,15.96,0.0155,-0.006638042050567283,3113.87
2019-12-04,3112.76,14.8,0.0154,0.006323548428811776,3093.2
2019-12-05,3117.43,14.52,0.0155,0.001500276282141666,3112.76
2019-12-06,3145.91,13.62,0.0155,0.009135730393304842,3117.43
2019-12-09,3135.96,15.86,0.015600000000000001,-0.00316283682622831,3145.91
2019-12-10,3132.52,15.68,0.0155,-0.0010969527672547441,3135.96
2019-12-11,3141.63,14.99,0.0154,0.0029082017034209873,3132.52
2019-12-12,3168.57,13.94,0.015300000000000001,0.008575166394515055,3141.63
2019-12-13,3168.8,12.63,0.0154,7.258794976916505e-05,3168.57
2019-12-16,3191.45,12.14,0.016200000000000003,0.007147816208028068,3168.8
2019-12-17,3192.52,12.29,0.0154,0.00033527080167328194,3191.45
2019-12-18,3191.14,12.58,0.015300000000000001,-0.000432260408705365,3192.52
2019-12-19,3205.37,12.5,0.015300000000000001,0.004459221469443442,3191.14
2019-12-20,3221.22,12.51,0.015300000000000001,0.0049448269622538454,3205.37
2019-12-23,3224.01,12.61,0.0152,0.0008661314657181229,3221.22
2019-12-24,3223.38,12.67,0.0152,-0.0001954088231737039,3224.01
2019-12-26,3239.91,12.65,0.0152,0.005128157399996169,3223.38
2019-12-27,3240.02,13.43,0.015300000000000001,3.395156038288327e-05,3239.91
2019-12-30,3221.29,14.82,0.0154,-0.005780828513404224,3240.02
2019-12-31,3230.78,13.78,0.0155,0.002946024729223451,3221.29
2020-01-02,3257.85,12.47,0.0154,0.008378781594537532,3230.78
2020-01-03,3234.85,14.02,0.0155,-0.007059870773669763,3257.85
2020-01-06,3246.28,13.85,0.0155,0.0035333941295578875,3234.85
2020-01-07,3237.18,13.79,0.015600000000000001,-0.0028032085956850583,3246.28
2020-01-08,3253.05,13.45,0.0155,0.0049024150649641385,3237.18
2020-01-09,3274.7,12.54,0.0155,0.006655292725288531,3253.05
2020-01-10,3265.35,12.56,0.0155,-0.0028552233792408233,3274.7
2020-01-13,3288.13,12.32,0.0154,0.006976281256220629,3265.35
2020-01-14,3283.15,12.39,0.0155,-0.0015145386587512855,3288.13
2020-01-15,3289.29,12.42,0.015600000000000001,0.001870155186330269,3283.15
2020-01-16,3316.81,12.32,0.0155,0.00836654718799501,3289.29
2020-01-17,3329.62,12.1,0.0154,0.003862144651035182,3316.81
2020-01-21,3320.79,12.85,0.0154,-0.002651954277064661,3329.62
2020-01-22,3321.75,12.91,0.0154,0.0002890878375325645,3320.79
2020-01-23,3325.54,12.98,0.0154,0.0011409648528637462,3321.75
2020-01-24,3295.47,14.56,0.015300000000000001,-0.009042140524546438,3325.54
2020-01-27,3243.63,18.23,0.015300000000000001,-0.015730684849202037,3295.47
2020-01-28,3276.24,16.28,0.015300000000000001,0.010053551114029613,3243.63
2020-01-29,3273.4,16.39,0.015300000000000001,-0.0008668473616095795,3276.24
2020-01-30,3283.66,15.49,0.0158,0.003134355715769477,3273.4
2020-01-31,3225.52,18.84,0.016,-0.017705852615678808,3283.66
2020-02-03,3248.92,17.97,0.0159,0.0072546442124061805,3225.52
2020-02-04,3297.59,16.05,0.016,0.014980362705145023,3248.92
2020-02-05,3334.69,15.15,0.0159,0.011250640619361318,3297.59
2020-02-06,3345.78,14.96,0.0159,0.0033256464618900416,3334.69
2020-02-07,3327.71,15.47,0.0158,-0.005400833288500828,3345.78
2020-02-10,3352.09,15.04,0.0158,0.007326359568592178,3327.71
2020-02-11,3357.75,15.18,0.0158,0.0016884988171557147,3352.09
2020-02-12,3379.45,13.74,0.015700000000000002,0.0064626610081155444,3357.75
2020-02-13,3373.94,14.15,0.015700000000000002,-0.0016304428235363044,3379.45
2020-02-14,3380.16,13.68,0.0158,0.0018435419717006685,3373.94
2020-02-18,3370.29,14.83,0.016,-0.0029199801192842934,3380.16
2020-02-19,3386.15,14.38,0.0159,0.004705826501577137,3370.29
2020-02-20,3373.23,15.56,0.016,-0.0038155427255142094,3386.15
2020-02-21,3337.75,17.08,0.0158,-0.010518108756295885,3373.23
2020-02-24,3225.89,25.03,0.0158,-0.0335135944873044,3337.75
2020-02-25,3128.21,27.85,0.0159,-0.030280015747592093,3225.89
2020-02-26,3116.39,27.56,0.0158,-0.003778518705585654,3128.21
2020-02-27,2978.76,39.16,0.0158,-0.044163278665378725,3116.39
2020-02-28,2954.22,40.11,0.016,-0.008238327357692588,2978.76
2020-03-02,3090.23,33.42,0.0159,0.04603922524388837,2954.22
2020-03-03,3003.37,36.82,0.016399999999999998,-0.028107940185681968,3090.23
2020-03-04,3130.12,31.99,0.0123,0.042202592421180185,3003.37
2020-03-05,3023.94,39.62,0.011200000000000002,-0.03392202215889484,3130.12
2020-03-06,2972.37,41.94,0.011000000000000001,-0.017053909799797706,3023.94
2020-03-09,2746.56,54.46,0.0109,-0.07596968075979771,2972.37
2020-03-10,2882.23,47.3,0.0111,0.04939633578003022,2746.56
2020-03-11,2741.38,53.9,0.0115,-0.048868410917935035,2882.23
2020-03-12,2480.64,75.47,0.012,-0.09511268047479748,2741.38
2020-03-13,2711.02,57.83,0.011000000000000001,0.0928711945304439,2480.64
2020-03-16,2386.13,82.69,0.0026,-0.11984050283657066,2711.02
2020-03-17,2529.19,75.91,0.0054,0.05995482224354909,2386.13
2020-03-18,2398.1,76.45,0.001,-0.05183082330706679,2529.19
2020-03-19,2409.39,72.0,0.0006,0.004707893749218206,2398.1
2020-03-20,2304.92,66.04,0.0004,-0.043359522534749395,2409.39
2020-03-23,2237.4,61.59,0.0002,-0.02929385835517062,2304.92
2020-03-24,2447.33,61.67,0.0001,0.09382765710199337,2237.4
2020-03-25,2475.56,63.95,0.0001,0.011535019797084933,2447.33
2020-03-26,2630.07,61.0,0.0001,0.06241416083633622,2475.56
2020-03-27,2541.47,65.54,0.0001,-0.0336873163071707,2630.07
2020-03-30,2626.65,57.08,0.0001,0.03351603599491648,2541.47
2020-03-31,2584.59,53.54,0.0001,-0.0160127919593398,2626.65
2020-04-01,2470.5,57.06,0.0001,-0.04414239782712159,2584.59
2020-04-02,2526.9,50.91,0.0001,0.022829386763812964,2470.5
2020-04-03,2488.65,46.8,0.0001,-0.015137124539950086,2526.9
2020-04-06,2663.68,45.24,0.0001,0.07033130412070787,2488.65
2020-04-07,2659.41,46.7,0.0001,-0.0016030454108602044,2663.68
2020-04-08,2749.98,43.35,0.0001,0.03405642604938697,2659.41
2020-04-09,2789.82,41.67,0.0001,0.01448737809002254,2749.98
2020-04-13,2761.63,41.17,0.0002,-0.010104594561656355,2789.82
2020-04-14,2846.06,37.76,0.0006,0.030572524197665762,2761.63
2020-04-15,2783.36,40.84,0.0003,-0.022030456139364496,2846.06
2020-04-16,2799.55,40.11,0.0003,0.005816710738100639,2783.36
2020-04-17,2874.56,38.15,0.0003,0.026793591827257934,2799.55
2020-04-20,2823.16,43.83,0.0002,-0.017880997439608137,2874.56
2020-04-21,2736.56,45.41,0.0001,-0.030674846625766805,2823.16
2020-04-22,2799.31,41.98,0.0001,0.02293024819481393,2736.56
2020-04-23,2797.8,41.38,0.0001,-0.000539418642451106,2799.31
2020-04-24,2836.74,35.93,0.0003,0.01391807849024218,2797.8
2020-04-27,2878.48,33.29,0.0003,0.014714073196697708,2836.74
2020-04-28,2863.39,33.57,0.0001,-0.005242350129234907,2878.48
2020-04-29,2939.51,31.23,0.0001,0.026583874358714787,2863.39
2020-04-30,2912.43,34.15,0.0004,-0.009212419757034462,2939.51
2020-05-01,2830.71,37.19,0.0003,-0.028059043479156554,2912.43
2020-05-04,2842.74,35.97,0.0005,0.004249817183674676,2830.71
2020-05-05,2868.44,33.61,0.0005,0.009040573531170715,2842.74
2020-05-06,2848.42,34.12,0.0005,-0.006979403438802989,2868.44
2020-05-07,2881.19,31.44,0.0005,0.011504623615899323,2848.42
2020-05-08,2929.8,27.98,0.0006,0.016871501011734846,2881.19
2020-05-11,2930.19,27.57,0.0006,0.0001331148883882971,2929.8
2020-05-12,2870.12,33.04,0.0006,-0.020500377108651713,2930.19
2020-05-13,2820.0,35.28,0.0004,-0.017462684487059787,2870.12
2020-05-14,2852.5,32.61,0.0002,0.01152482269503552,2820.0
2020-05-15,2863.7,31.89,0.0005,0.003926380368098004,2852.5
2020-05-18,2953.91,29.3,0.0004,0.03150120473513285,2863.7
2020-05-19,2922.94,30.53,0.0004,-0.010484408800538914,2953.91
2020-05-20,2971.61,27.99,0.0001,0.01665104312780974,2922.94
2020-05-21,2948.51,29.53,0.0002,-0.007773563825670182,2971.61
2020-05-22,2955.45,28.16,0.0004,0.002353731206609311,2948.51
2020-05-26,2991.77,28.01,0.0006,0.012289160703107926,2955.45
2020-05-27,3036.13,27.62,0.0006,0.014827343010993532,2991.77
2020-05-28,3029.73,28.59,0.0006,-0.0021079466294262605,3036.13
2020-05-29,3044.31,27.51,0.0006,0.004812310007822562,3029.73
2020-06-01,3055.73,28.23,0.0006,0.0037512605483673855,3044.31
2020-06-02,3080.82,26.84,0.0007000000000000001,0.00821080396500995,3055.73
2020-06-03,3122.87,25.66,0.0006,0.013648963587616247,3080.82
2020-06-04,3112.35,25.81,0.0007000000000000001,-0.0033686961032639573,3122.87
2020-06-05,3193.93,24.52,0.0007000000000000001,0.02621170498176606,3112.35
2020-06-08,3232.39,25.81,0.0007000000000000001,0.012041591393674889,3193.93
2020-06-09,3207.18,27.57,0.0008,-0.007799182648133396,3232.39
2020-06-10,3190.14,27.57,0.0007000000000000001,-0.0053130787794885,3207.18
2020-06-11,3002.1,40.79,0.0008,-0.058944121574601716,3190.14
2020-06-12,3041.31,36.09,0.0008,0.013060857399820103,3002.1
2020-06-15,3066.59,34.4,0.0009,0.008312207568449193,3041.31
2020-06-16,3124.74,33.67,0.0009,0.018962430582503575,3066.59
2020-06-17,3113.49,33.47,0.0009,-0.0036002995449221364,3124.74
2020-06-18,3115.34,32.94,0.0009,0.000594188515139038,3113.49
2020-06-19,3097.74,35.12,0.0009,-0.005649463621948292,3115.34
2020-06-22,3117.86,31.77,0.0008,0.006495057687217143,3097.74
2020-06-23,3131.29,31.37,0.0007000000000000001,0.004307441642665166,3117.86
2020-06-24,3050.33,33.84,0.0008,-0.025855158736495243,3131.29
2020-06-25,3083.76,32.22,0.0009,0.01095946995898811,3050.33
2020-06-26,3009.05,34.73,0.0008,-0.024226917788673585,3083.76
2020-06-29,3053.24,31.78,0.0008,0.01468569814393228,3009.05
2020-06-30,3100.29,30.43,0.001,0.015409859690034278,3053.24
2020-07-01,3115.86,28.62,0.0011,0.005022110834792981,3100.29
2020-07-02,3130.01,27.68,0.0011,0.004541282342595654,3115.86
2020-07-06,3179.72,27.94,0.001,0.0158817383970018,3130.01
2020-07-07,3145.32,29.43,0.001,-0.010818562640735552,3179.72
2020-07-08,3169.94,28.08,0.001,0.007827502448081614,3145.32
2020-07-09,3152.05,29.26,0.001,-0.005643639942711776,3169.94
2020-07-10,3185.04,27.29,0.001,0.01046620453355751,3152.05
2020-07-13,3155.22,32.19,0.001,-0.009362519779971379,3185.04
2020-07-14,3197.52,29.52,0.0011,0.013406355182839835,3155.22
2020-07-15,3226.56,27.76,0.0013,0.00908203857989931,3197.52
2020-07-16,3215.57,28.0,0.0012,-0.0034061043340275488,3226.56
2020-07-17,3224.73,25.68,0.0012,0.00284863958800452,3215.57
2020-07-20,3251.84,24.46,0.0012,0.008406905384326757,3224.73
2020-07-21,3257.3,24.84,0.0011,0.0016790493997245193,3251.84
2020-07-22,3276.02,24.32,0.001,0.005747091149111094,3257.3
2020-07-23,3235.66,26.08,0.001,-0.012319827107282633,3276.02
2020-07-24,3215.63,25.84,0.001,-0.0061903908321639944,3235.66
2020-07-27,3239.41,24.74,0.001,0.007395129414764723,3215.63
2020-07-28,3218.44,25.44,0.001,-0.006473401020556158,3239.41
2020-07-29,3258.44,24.1,0.0009,0.012428381451883519,3218.44
2020-07-30,3246.22,24.76,0.001,-0.0037502608610255894,3258.44
2020-07-31,3271.12,24.46,0.001,0.007670459796317086,3246.22
2020-08-03,3294.61,24.28,0.001,0.007181026681992719,3271.12
2020-08-04,3306.51,23.76,0.0009,0.0036119601409574376,3294.61
2020-08-05,3327.77,22.99,0.0009,0.0064297401187354275,3306.51
2020-08-06,3349.16,22.65,0.0009,0.006427727877827971,3327.77
2020-08-07,3351.28,22.21,0.0009,0.0006329945419150107,3349.16
2020-08-10,3360.47,22.13,0.0009,0.0027422358024395965,3351.28
2020-08-11,3333.69,24.03,0.001,-0.007969123366671882,3360.47
2020-08-12,3380.35,22.28,0.0009,0.013996502374245878,3333.69
2020-08-13,3373.43,22.13,0.0009,-0.0020471252976762555,3380.35
2020-08-14,3372.85,22.05,0.0009,-0.00017193183199293305,3373.43
2020-08-17,3381.99,21.35,0.001,0.0027098744385312123,3372.85
2020-08-18,3389.78,21.51,0.0009,0.0023033775972136628,3381.99
2020-08-19,3374.85,22.54,0.0009,-0.004404415625792857,3389.78
2020-08-20,3385.51,22.72,0.0007000000000000001,0.0031586589033587575,3374.85
2020-08-21,3397.16,22.54,0.0007000000000000001,0.0034411358997610275,3385.51
2020-08-24,3431.28,22.37,0.0008,0.01004368354743379,3397.16
2020-08-25,3443.62,22.03,0.0008,0.003596325569466652,3431.28
2020-08-26,3478.73,23.27,0.0007000000000000001,0.010195666188487662,3443.62
2020-08-27,3484.55,24.47,0.0007000000000000001,0.0016730243508407128,3478.73
2020-08-28,3508.01,22.96,0.0007000000000000001,0.006732576659826961,3484.55
2020-08-31,3500.31,26.41,0.0009,-0.0021949766391772263,3508.01
2020-09-01,3526.65,26.12,0.0009,0.00752504778148233,3500.31
2020-09-02,3580.84,26.57,0.0009,0.015365857116526938,3526.65
2020-09-03,3455.06,33.6,0.001,-0.03512583639592948,3580.84
2020-09-04,3426.96,30.75,0.0009,-0.008132999137496877,3455.06
2020-09-08,3331.84,31.46,0.0009,-0.027756378831384043,3426.96
2020-09-09,3398.96,28.81,0.0009,0.020145024971186976,3331.84
2020-09-10,3339.19,29.71,0.0009,-0.017584790641843373,3398.96
2020-09-11,3340.97,26.87,0.0009,0.0005330634075928486,3339.19
2020-09-14,3383.54,25.85,0.0009,0.01274180851668838,3340.97
2020-09-15,3401.2,25.59,0.001,0.005219385613883576,3383.54
2020-09-16,3385.49,26.04,0.001,-0.004618958014818264,3401.2
2020-09-17,3357.01,26.46,0.001,-0.00841237162124231,3385.49
2020-09-18,3319.47,25.83,0.0009,-0.01118257020384228,3357.01
2020-09-21,3281.06,27.78,0.0008,-0.011571124305988612,3319.47
2020-09-22,3315.57,26.86,0.0007000000000000001,0.010517942372282096,3281.06
2020-09-23,3236.92,28.58,0.0006,-0.02372141140135786,3315.57
2020-09-24,3246.59,28.51,0.0007000000000000001,0.002987407782707008,3236.92
2020-09-25,3298.46,26.38,0.0008,0.015976763311659203,3246.59
2020-09-28,3351.6,26.19,0.0008,0.016110548559024496,3298.46
2020-09-29,3335.47,26.27,0.0007000000000000001,-0.004812626805108078,3351.6
2020-09-30,3363.0,26.37,0.0008,0.008253709372292528,3335.47
2020-10-01,3380.8,26.7,0.0008,0.005292893250074426,3363.0
2020-10-02,3348.42,27.63,0.001,-0.009577614765735931,3380.8
2020-10-05,3408.6,27.96,0.0009,0.017972655760030154,3348.42
2020-10-06,3360.97,29.48,0.001,-0.01397347884762079,3408.6
2020-10-07,3419.44,28.06,0.0009,0.017396763434365692,3360.97
2020-10-08,3446.83,26.36,0.0008,0.008010083522448141,3419.44
2020-10-09,3477.14,25.0,0.0009,0.008793587151092463,3446.83
2020-10-12,3534.22,25.07,0.0009,0.016415789988323715,3477.14
2020-10-13,3511.93,26.07,0.0009,-0.006306907889152336,3534.22
2020-10-14,3488.67,26.4,0.0009,-0.006623138843883547,3511.93
2020-10-15,3483.34,26.97,0.001,-0.0015278028589691406,3488.67
2020-10-16,3483.81,27.41,0.0009,0.00013492797142955482,3483.34
2020-10-19,3426.92,29.18,0.0009,-0.016329822808936134,3483.81
2020-10-20,3443.12,29.35,0.0008,0.0047272769717412455,3426.92
2020-10-21,3435.56,28.65,0.0007000000000000001,-0.002195682985199454,3443.12
2020-10-22,3453.49,28.11,0.0007000000000000001,0.005218945382994278,3435.56
2020-10-23,3465.39,27.55,0.0008,0.0034457896215134287,3453.49
2020-10-26,3400.97,32.46,0.0009,-0.01858953826264864,3465.39
2020-10-27,3390.68,33.35,0.0009,-0.0030256074002417144,3400.97
2020-10-28,3271.03,40.28,0.0008,-0.03528790685054317,3390.68
2020-10-29,3310.11,37.59,0.0009,0.011947307117329942,3271.03
2020-10-30,3269.96,38.02,0.0009,-0.012129506270184387,3310.11
2020-11-02,3310.24,37.13,0.0011,0.01231819349472163,3269.96
2020-11-03,3369.16,35.55,0.001,0.017799313644932147,3310.24
2020-11-04,3443.44,29.57,0.001,0.022047038430944355,3369.16
2020-11-05,3510.45,27.58,0.0011,0.019460190971818836,3443.44
2020-11-06,3509.44,24.86,0.001,-0.00028771240154390476,3510.45
2020-11-09,3550.5,25.75,0.001,0.011699872344305584,3509.44
2020-11-10,3545.53,24.8,0.001,-0.001399802844669673,3550.5
2020-11-11,3572.66,23.45,0.001,0.007651888434169196,3545.53
2020-11-12,3537.01,25.35,0.0009,-0.009978559392721298,3572.66
2020-11-13,3585.15,23.1,0.0009,0.013610365817456005,3537.01
2020-11-16,3626.91,22.45,0.001,0.011648048198820149,3585.15
2020-11-17,3609.53,22.71,0.0009,-0.004791957892531062,3626.91
2020-11-18,3567.79,23.84,0.0007000000000000001,-0.01156383241031389,3609.53
2020-11-19,3581.87,23.11,0.0006,0.003946420613320845,3567.79
2020-11-20,3557.54,23.7,0.0005,-0.0067925413261787915,3581.87
2020-11-23,3577.59,22.66,0.0005,0.00563591695385024,3557.54
2020-11-24,3635.41,21.64,0.0007000000000000001,0.016161717804443754,3577.59
2020-11-25,3629.65,21.25,0.0008,-0.0015844155129681736,3635.41
2020-11-27,3638.35,20.84,0.0008,0.0023969253233782073,3629.65
2020-11-30,3621.63,20.57,0.0009,-0.0045954897137437944,3638.35
2020-12-01,3662.45,20.77,0.0008,0.011271167954760575,3621.63
2020-12-02,3669.01,21.17,0.0008,0.0017911507324332998,3662.45
2020-12-03,3666.72,21.28,0.0008,-0.0006241465681479097,3669.01
2020-12-04,3699.12,20.79,0.0009,0.008836235109307422,3666.72
2020-12-07,3691.96,21.3,0.0008,-0.0019355954929820562,3699.12
2020-12-08,3702.25,20.68,0.0007000000000000001,0.002787137455443789,3691.96
2020-12-09,3672.82,22.27,0.0008,-0.007949220068876994,3702.25
2020-12-10,3668.1,22.52,0.0008,-0.0012851160688518437,3672.82
2020-12-11,3663.46,23.31,0.0008,-0.001264960061067022,3668.1
2020-12-14,3647.49,24.72,0.0008,-0.004359266922526861,3663.46
2020-12-15,3694.62,22.89,0.0009,0.012921214314501217,3647.49
2020-12-16,3701.17,22.5,0.0009,0.0017728480872187813,3694.62
2020-12-17,3722.48,21.93,0.0009,0.005757638800703457,3701.17
2020-12-18,3709.41,21.57,0.0009,-0.0035111001267972286,3722.48
2020-12-21,3694.92,25.16,0.0009,-0.003906281591951277,3709.41
2020-12-22,3687.26,24.23,0.0007000000000000001,-0.0020731166033364223,3694.92
2020-12-23,3690.01,23.31,0.0006,0.0007458112528002658,3687.26
2020-12-24,3703.06,21.53,0.0008,0.0035365757816374632,3690.01
2020-12-28,3735.36,21.7,0.0009,0.008722515973276224,3703.06
2020-12-29,3727.04,23.08,0.001,-0.0022273622890431888,3735.36
2020-12-30,3732.04,22.77,0.0009,0.0013415471795312772,3727.04
2020-12-31,3756.07,22.75,0.0007000000000000001,0.00643883774021714,3732.04
2021-01-04,3700.65,26.97,0.001,-0.01475478359029514,3756.07
2021-01-05,3726.86,25.34,0.0011,0.007082539553862066,3700.65
2021-01-06,3748.14,25.07,0.001,0.005709900559720538,3726.86
2021-01-07,3803.79,22.37,0.001,0.01484736429268918,3748.14
2021-01-08,3824.68,21.56,0.0009,0.005491890982414871,3803.79
2021-01-11,3799.61,24.08,0.0009,-0.006554796741165214,3824.68
2021-01-12,3801.19,23.33,0.0008,0.0004158321511944507,3799.61
2021-01-13,3809.84,22.21,0.0008,0.0022756031663768717,3801.19
2021-01-14,3795.54,23.25,0.0008,-0.003753438464607517,3809.84
2021-01-15,3768.25,24.34,0.0008,-0.00719001775768402,3795.54
2021-01-19,3798.91,23.24,0.0007000000000000001,0.008136402839514334,3768.25
2021-01-20,3851.85,21.58,0.0006,0.013935576257400273,3798.91
2021-01-21,3853.07,21.32,0.0004,0.0003167309215053038,3851.85
2021-01-22,3841.47,21.91,0.0005,-0.0030105863636010755,3853.07
2021-01-25,3855.36,23.19,0.0006,0.003615803325289546,3841.47
2021-01-26,3849.62,23.02,0.0003,-0.0014888363213811928,3855.36
2021-01-27,3750.77,37.21,0.0003,-0.025677859113367063,3849.62
2021-01-28,3787.38,30.21,0.0004,0.009760662477304782,3750.77
2021-01-29,3714.24,33.09,0.0006,-0.019311502938707092,3787.38
2021-02-01,3773.86,30.24,0.0007000000000000001,0.01605173602136656,3714.24
2021-02-02,3826.31,25.56,0.0007000000000000001,0.013898236818535858,3773.86
2021-02-03,3830.17,22.91,0.0007000000000000001,0.001008804827627774,3826.31
2021-02-04,3871.74,21.77,0.0005,0.01085330416143404,3830.17
2021-02-05,3886.83,20.87,0.0002,0.003897472454245321,3871.74
2021-02-08,3915.59,21.24,0.0002,0.007399345996609075,3886.83
2021-02-09,3911.23,21.63,0.0005,-0.0011134975827398197,3915.59
2021-02-10,3909.88,21.99,0.0006,-0.0003451599624669788,3911.23
2021-02-11,3916.38,21.25,0.0006,0.0016624551137118804,3909.88
2021-02-12,3934.83,19.97,0.0005,0.004710983101741784,3916.38
2021-02-16,3932.59,21.46,0.0006,-0.0005692749114954987,3934.83
2021-02-17,3931.33,21.5,0.0006,-0.0003203995331321208,3932.59
2021-02-18,3913.97,22.49,0.0003,-0.004415808390544673,3931.33
2021-02-19,3906.71,22.05,0.0002,-0.0018548941356217874,3913.97
2021-02-22,3876.5,23.45,0.0003,-0.007732849379657014,3906.71
2021-02-23,3881.37,23.11,0.0001,0.0012562878885591378,3876.5
2021-02-24,3925.43,21.34,0.0002,0.01135166191319037,3881.37
2021-02-25,3829.34,28.89,0.0003,-0.024478846903396523,3925.43
2021-02-26,3811.15,27.95,0.0001,-0.004750165824920272,3829.34
2021-03-01,3901.82,23.35,0.0002,0.023790719336683086,3811.15
2021-03-02,3870.29,24.1,0.0004,-0.008080844323930969,3901.82
2021-03-03,3819.72,26.67,0.0004,-0.01306620434127681,3870.29
2021-03-04,3768.47,28.57,0.0002,-0.013417213827191521,3819.72
2021-03-05,3841.94,24.66,0.0002,0.019495975820425837,3768.47
2021-03-08,3821.35,25.47,0.0002,-0.005359271617984662,3841.94
2021-03-09,3875.44,24.03,0.0002,0.014154683554241432,3821.35
2021-03-10,3898.81,22.56,0.0002,0.006030283013025661,3875.44
2021-03-11,3939.34,21.91,0.0001,0.010395479646353678,3898.81
2021-03-12,3943.34,20.69,0.0001,0.0010153985185334946,3939.34
2021-03-15,3968.94,20.03,0.0001,0.006491958593476621,3943.34
2021-03-16,3962.71,19.79,0.0001,-0.0015696886322292825,3968.94
2021-03-17,3974.12,19.23,0.0001,0.0028793426720601367,3962.71
2021-03-18,3915.46,21.58,0.0001,-0.014760500437832724,3974.12
2021-03-19,3913.1,20.95,0.0001,-0.0006027388863633076,3915.46
2021-03-22,3940.59,18.88,0.0001,0.0070251207482558975,3913.1
2021-03-23,3910.52,20.3,0.0001,-0.0076308370066411335,3940.59
2021-03-24,3889.14,21.2,0.0001,-0.005467303581109473,3910.52
2021-03-25,3909.52,19.81,0.0001,0.00524023305923671,3889.14
2021-03-26,3974.54,18.86,0.0001,0.016631197691788335,3909.52
2021-03-29,3971.09,20.74,0.0001,-0.0008680249789911887,3974.54
2021-03-30,3958.55,19.61,0.0001,-0.003157823166939022,3971.09
2021-03-31,3972.89,19.4,0.0001,0.003622538555784205,3958.55
2021-04-01,4019.87,17.33,0.0001,0.011825144919693331,3972.89
2021-04-05,4077.91,17.91,0.0001,0.014438277854756487,4019.87
2021-04-06,4073.94,18.12,0.0001,-0.0009735379152555623,4077.91
2021-04-07,4079.95,17.16,0.0001,0.0014752303666720756,4073.94
2021-04-08,4097.17,16.95,0.0001,0.004220639958823158,4079.95
2021-04-09,4128.8,16.69,0.0001,0.007719962803593772,4097.17
2021-04-12,4127.99,16.91,0.0001,-0.000196182910288778,4128.8
2021-04-13,4141.59,16.65,0.0001,0.00329458162447116,4127.99
2021-04-14,4124.66,16.99,0.0001,-0.0040878020277237415,4141.59
2021-04-15,4170.42,16.57,0.0001,0.011094247768300924,4124.66
2021-04-16,4185.47,16.25,0.0001,0.0036087492386858155,4170.42
2021-04-19,4163.26,17.29,0.0001,-0.005306453038726788,4185.47
2021-04-20,4134.94,18.68,0.0001,-0.006802361610853236,4163.26
2021-04-21,4173.42,17.5,0.0001,0.009306060063749566,4134.94
2021-04-22,4134.98,18.71,0.0001,-0.009210671343885979,4173.42
2021-04-23,4180.17,17.33,0.0001,0.010928710658818286,4134.98
2021-04-26,4187.62,17.64,0.0001,0.001782224167916624,4180.17
2021-04-27,4186.72,17.56,0.0001,-0.0002149192142553158,4187.62
2021-04-28,4183.18,17.28,0.0001,-0.0008455306301830001,4186.72
2021-04-29,4211.47,17.61,0.0001,0.006762797680233579,4183.18
2021-04-30,4181.17,18.61,0.0001,-0.007194637501869883,4211.47
2021-05-03,4192.66,18.31,0.0001,0.0027480346410215795,4181.17
2021-05-04,4164.66,19.48,0.0001,-0.006678337857112138,4192.66
2021-05-05,4167.59,19.15,0.0001,0.0007035388242977447,4164.66
2021-05-06,4201.62,18.39,0.0001,0.008165390549454088,4167.59
2021-05-07,4232.6,16.69,0.0001,0.007373346471123199,4201.62
2021-05-10,4188.43,19.66,0.0001,-0.010435666020885526,4232.6
2021-05-11,4152.1,21.84,0.0001,-0.008673894514173552,4188.43
2021-05-12,4063.04,27.59,0.0001,-0.021449387057151936,4152.1
2021-05-13,4112.5,23.13,0.0001,0.012173151138064053,4063.04
2021-05-14,4173.85,18.81,0.0001,0.014917933130699224,4112.5
2021-05-17,4163.29,19.72,0.0001,-0.0025300382141189015,4173.85
2021-05-18,4127.83,21.34,0.0001,-0.008517302421882755,4163.29
2021-05-19,4115.68,22.18,0.0001,-0.0029434351705374118,4127.83
2021-05-20,4159.12,20.67,0.0001,0.010554756443649449,4115.68
2021-05-21,4155.86,20.15,0.0001,-0.0007838196541576359,4159.12
2021-05-24,4197.05,18.4,0.0001,0.009911305963146155,4155.86
2021-05-25,4188.13,18.84,0.0001,-0.002125302295660103,4197.05
2021-05-26,4195.99,17.36,0.0001,0.001876732575158746,4188.13
2021-05-27,4200.88,16.74,0.0001,0.0011653983922745859,4195.99
2021-05-28,4204.11,16.76,0.0001,0.0007688865190149663,4200.88
2021-06-01,4202.04,17.9,0.0001,-0.0004923753184382651,4204.11
2021-06-02,4208.12,17.48,0.0001,0.0014469162597214869,4202.04
2021-06-03,4192.85,18.04,0.0001,-0.003628698801364849,4208.12
2021-06-04,4229.89,16.42,0.0001,0.00883408659980689,4192.85
2021-06-07,4226.52,16.42,0.0001,-0.0007967110255822085,4229.89
2021-06-08,4227.26,17.07,0.0001,0.00017508493985585183,4226.52
2021-06-09,4219.55,17.89,0.0001,-0.0018238764589828538,4227.26
2021-06-10,4239.18,16.1,0.0001,0.004652154850635748,4219.55
2021-06-11,4247.44,15.65,0.0001,0.0019484900381676606,4239.18
2021-06-14,4255.15,16.39,0.0001,0.0018152110447704484,4247.44
2021-06-15,4246.59,17.02,0.0001,-0.0020116799642784233,4255.15
2021-06-16,4223.7,18.15,0.0001,-0.005390207201542929,4246.59
2021-06-17,4221.86,17.75,0.0005,-0.0004356370007340127,4223.7
2021-06-18,4166.45,20.7,0.0005,-0.013124547000611053,4221.86
2021-06-21,4224.79,17.89,0.0005,0.01400232812106239,4166.45
2021-06-22,4246.44,16.66,0.0005,0.005124515064653945,4224.79
2021-06-23,4241.84,16.32,0.0005,-0.0010832603310065858,4246.44
2021-06-24,4266.49,15.97,0.0005,0.005811157422250579,4241.84
2021-06-25,4280.7,15.62,0.0005,0.003330606657931945,4266.49
2021-06-28,4290.61,15.76,0.0005,0.0023150419323942906,4280.7
2021-06-29,4291.8,16.02,0.0005,0.00027734984069871516,4290.61
2021-06-30,4297.5,15.83,0.0005,0.001328114078009257,4291.8
2021-07-01,4319.94,15.48,0.0005,0.005221640488656032,4297.5
2021-07-02,4352.34,15.07,0.0005,0.0075001041681135305,4319.94
2021-07-06,4343.54,16.44,0.0005,-0.002021900862524517,4352.34
2021-07-07,4358.13,16.2,0.0005,0.003359011313352811,4343.54
2021-07-08,4320.82,19.0,0.0005,-0.00856101125941644,4358.13
2021-07-09,4369.55,16.18,0.0005,0.01127795187024705,4320.82
2021-07-12,4384.63,16.17,0.0005,0.0034511562975592103,4369.55
2021-07-13,4369.21,17.12,0.0005,-0.003516830382495284,4384.63
2021-07-14,4374.3,16.33,0.0005,0.0011649703264435818,4369.21
2021-07-15,4360.03,17.01,0.0005,-0.0032622362435132946,4374.3
2021-07-16,4327.16,18.45,0.0005,-0.007538938952254881,4360.03
2021-07-19,4258.49,22.5,0.0005,-0.015869531055010655,4327.16
2021-07-20,4323.06,19.73,0.0005,0.01516265155019747,4258.49
2021-07-21,4358.69,17.91,0.0005,0.008241847210077813,4323.06
2021-07-22,4367.48,17.69,0.0005,0.0020166609692362503,4358.69
2021-07-23,4411.79,17.2,0.0005,0.010145438559535647,4367.48
2021-07-26,4422.3,17.58,0.0005,0.002382253008416102,4411.79
2021-07-27,4401.46,19.36,0.0005,-0.004712479931257563,4422.3
2021-07-28,4400.64,18.31,0.0005,-0.00018630181803303003,4401.46
2021-07-29,4419.15,17.7,0.0005,0.004206206369982368,4400.64
2021-07-30,4395.26,18.24,0.0005,-0.005406016994218166,4419.15
2021-08-02,4387.16,19.46,0.0005,-0.0018428943907755624,4395.26
2021-08-03,4423.15,18.04,0.0005,0.008203484714484954,4387.16
2021-08-04,4402.66,17.97,0.0005,-0.00463244520307915,4423.15
2021-08-05,4429.1,17.28,0.0005,0.006005460335342772,4402.66
2021-08-06,4436.52,16.15,0.0005,0.0016752839177258672,4429.1
2021-08-09,4432.35,16.72,0.0005,-0.000939925887858073,4436.52
2021-08-10,4436.75,16.79,0.0005,0.000992701388653705,4432.35
2021-08-11,4442.41,16.06,0.0005,0.0012757085704626636,4436.75
2021-08-12,4460.83,15.59,0.0005,0.004146398013690877,4442.41
2021-08-13,4468.0,15.45,0.0005,0.0016073241975147479,4460.83
2021-08-16,4479.71,16.12,0.0005,0.0026208594449417255,4468.0
2021-08-17,4448.08,17.91,0.0005,-0.0070607249129965854,4479.71
2021-08-18,4400.27,21.57,0.0005,-0.010748457761550978,4448.08
2021-08-19,4405.8,21.67,0.0005,0.0012567410636163956,4400.27
2021-08-20,4441.67,18.56,0.0005,0.008141540696354754,4405.8
2021-08-23,4479.53,17.15,0.0005,0.008523820995256282,4441.67
2021-08-24,4486.23,17.22,0.0005,0.0014956926284677152,4479.53
2021-08-25,4496.19,16.79,0.0005,0.0022201269217136943,4486.23
2021-08-26,4470.0,18.84,0.0005,-0.005824931775569864,4496.19
2021-08-27,4509.37,16.39,0.0005,0.008807606263982137,4470.0
2021-08-30,4528.79,16.19,0.0005,0.00430658828173347,4509.37
2021-08-31,4522.68,16.48,0.0005,-0.001349146239944865,4528.79
2021-09-01,4524.09,16.11,0.0005,0.0003117620525883158,4522.68
2021-09-02,4536.95,16.41,0.0005,0.0028425606033477546,4524.09
2021-09-03,4535.43,16.41,0.0005,-0.000335026835208585,4536.95
2021-09-07,4520.03,18.14,0.0005,-0.003395488410139813,4535.43
2021-09-08,4514.07,17.96,0.0005,-0.0013185753191903293,4520.03
2021-09-09,4493.28,18.8,0.0005,-0.004605599824548556,4514.07
2021-09-10,4458.58,20.95,0.0005,-0.0077226435922087555,4493.28
2021-09-13,4468.73,19.37,0.0005,0.0022765095613401787,4458.58
2021-09-14,4443.05,19.46,0.0005,-0.00574659914561837,4468.73
2021-09-15,4480.7,18.18,0.0005,0.008473908688851006,4443.05
2021-09-16,4473.75,18.69,0.0005,-0.0015510969268194286,4480.7
2021-09-17,4432.99,20.81,0.0005,-0.009110924839340617,4473.75
2021-09-20,4357.73,25.71,0.0005,-0.016977254629493954,4432.99
2021-09-21,4354.19,24.36,0.0005,-0.0008123495489623656,4357.73
2021-09-22,4395.64,20.87,0.0005,0.009519566210937302,4354.19
2021-09-23,4448.98,18.63,0.0005,0.012134751708511082,4395.64
2021-09-24,4455.48,17.75,0.0005,0.0014610090402744635,4448.98
2021-09-27,4443.11,18.76,0.0005,-0.0027763563072890074,4455.48
2021-09-28,4352.63,23.25,0.0005,-0.020364114325326033,4443.11
2021-09-29,4359.46,22.56,0.0005,0.001569166228234442,4352.63
2021-09-30,4307.54,23.14,0.0005,-0.011909731939276913,4359.46
2021-10-01,4357.04,21.15,0.0005,0.011491477734391298,4307.54
2021-10-04,4300.46,22.96,0.0005,-0.012985880322420762,4357.04
2021-10-05,4345.72,21.3,0.0005,0.010524455523362564,4300.46
2021-10-06,4363.55,21.0,0.0005,0.004102887438675262,4345.72
2021-10-07,4399.76,19.54,0.0005,0.00829828923697451,4363.55
2021-10-08,4391.34,18.77,0.0005,-0.0019137407494954628,4399.76
2021-10-11,4361.19,20.0,0.0005,-0.0068657858421348195,4391.34
2021-10-12,4350.65,19.85,0.0005,-0.0024167715692277048,4361.19
2021-10-13,4363.8,18.64,0.0005,0.003022536862308023,4350.65
2021-10-14,4438.26,16.86,0.0005,0.01706311013337003,4363.8
2021-10-15,4471.37,16.3,0.0005,0.0074601307719690535,4438.26
2021-10-18,4486.46,16.31,0.0005,0.0033748045900920953,4471.37
2021-10-19,4519.63,15.7,0.0003,0.00739335690054066,4486.46
2021-10-20,4536.19,15.49,0.0003,0.0036640167447334893,4519.63
2021-10-21,4549.78,15.01,0.0003,0.002995906256131331,4536.19
2021-10-22,4544.9,15.43,0.0005,-0.0010725793335062406,4549.78
2021-10-25,4566.48,15.24,0.0004,0.004748179277871856,4544.9
2021-10-26,4574.79,15.98,0.0005,0.0018197824144636776,4566.48
2021-10-27,4551.68,16.98,0.0005,-0.005051597996847845,4574.79
2021-10-28,4596.42,16.53,0.0005,0.009829337739032606,4551.68
2021-10-29,4605.38,16.26,0.0005,0.0019493431844783693,4596.42
2021-11-01,4613.67,16.41,0.0005,0.0018000686154020507,4605.38
2021-11-02,4630.65,16.03,0.0005,0.0036803672564356127,4613.67
2021-11-03,4660.57,15.1,0.0005,0.00646129593037692,4630.65
2021-11-04,4680.06,15.44,0.0005,0.004181891914508462,4660.57
2021-11-05,4697.53,16.48,0.0005,0.0037328581257503046,4680.06
2021-11-08,4701.7,17.22,0.0005,0.0008877005575269603,4697.53
2021-11-09,4685.25,17.78,0.0005,-0.0034987345002870374,4701.7
2021-11-10,4646.71,18.73,0.0005,-0.008225815057894437,4685.25
2021-11-11,4649.27,17.66,0.0005,0.0005509274303756584,4646.71
2021-11-12,4682.85,16.29,0.0005,0.007222639253044116,4649.27
2021-11-15,4682.8,16.49,0.0005,-1.0677258507119092e-05,4682.85
2021-11-16,4700.9,16.37,0.0005,0.003865208849406221,4682.8
2021-11-17,4688.67,17.11,0.0005,-0.0026016294752068125,4700.9
2021-11-18,4704.54,17.59,0.0005,0.00338475516511072,4688.67
2021-11-19,4697.96,17.91,0.0005,-0.0013986489646171663,4704.54
2021-11-22,4682.94,19.17,0.0005,-0.0031971323723489764,4697.96
2021-11-23,4690.7,19.38,0.0005,0.0016570786727996278,4682.94
2021-11-24,4701.46,18.58,0.0005,0.002293900697124096,4690.7
2021-11-26,4594.62,28.62,0.0005,-0.02272485568312821,4701.46
2021-11-29,4655.27,22.96,0.0005,0.013200221128189193,4594.62
2021-11-30,4567.0,27.19,0.0005,-0.01896130621854386,4655.27
2021-12-01,4513.04,31.12,0.0005,-0.011815195971097037,4567.0
2021-12-02,4577.1,27.95,0.0005,0.014194423271231882,4513.04
2021-12-03,4538.43,30.67,0.0005,-0.00844858097922263,4577.1
2021-12-06,4591.67,27.18,0.0005,0.011730928977641941,4538.43
2021-12-07,4686.75,21.89,0.0005,0.020707063007576743,4591.67
2021-12-08,4701.21,19.9,0.0005,0.0030852936469836223,4686.75
2021-12-09,4667.45,21.58,0.0005,-0.007181129964413446,4701.21
2021-12-10,4712.02,18.69,0.0005,0.00954911139915815,4667.45
2021-12-13,4668.97,20.31,0.0005,-0.009136209099282255,4712.02
2021-12-14,4634.09,21.89,0.0005,-0.007470598440341258,4668.97
2021-12-15,4709.85,19.29,0.0005,0.016348409288555077,4634.09
2021-12-16,4668.67,20.57,0.0005,-0.00874337823922211,4709.85
2021-12-17,4620.64,21.57,0.0005,-0.010287726483131143,4668.67
2021-12-20,4568.02,22.87,0.0004,-0.011388032826621375,4620.64
2021-12-21,4649.23,21.01,0.0005,0.017777943178882483,4568.02
2021-12-22,4696.56,18.63,0.0005,0.010180180373954517,4649.23
2021-12-23,4725.79,17.96,0.0005,0.006223704157936716,4696.56
2021-12-27,4791.19,17.68,0.0005,0.01383895602639984,4725.79
2021-12-28,4786.35,17.54,0.0005,-0.0010101874482121298,4791.19
2021-12-29,4793.06,16.95,0.0005,0.0014019033292591576,4786.35
2021-12-30,4778.73,17.33,0.0005,-0.002989739331450192,4793.06
2021-12-31,4766.18,17.22,0.0005,-0.0026262207741385435,4778.73
2022-01-03,4796.56,16.6,0.0005,0.00637407735335227,4766.18
2022-01-04,4793.54,16.91,0.0005,-0.000629617892823231,4796.56
2022-01-05,4700.58,19.73,0.0005,-0.01939276609770646,4793.54
2022-01-06,4696.05,19.61,0.0005,-0.0009637108612128298,4700.58
2022-01-07,4677.03,18.76,0.0005,-0.0040502124125595396,4696.05
2022-01-10,4670.29,19.4,0.0005,-0.0014410854751839564,4677.03
2022-01-11,4713.07,18.41,0.0005,0.009160030747555226,4670.29
2022-01-12,4726.35,17.62,0.0005,0.002817696321081753,4713.07
2022-01-13,4659.03,20.31,0.0005,-0.014243549462058636,4726.35
2022-01-14,4662.85,19.19,0.0005,0.0008199131578892072,4659.03
2022-01-18,4577.11,22.79,0.0005,-0.0183878958147915,4662.85
2022-01-19,4532.76,23.85,0.0005,-0.009689520243122751,4577.11
2022-01-20,4482.73,25.59,0.0004,-0.01103742532143781,4532.76
2022-01-21,4397.94,28.85,0.0005,-0.01891481307149878,4482.73
2022-01-24,4410.13,29.9,0.0004,0.0027717522294530283,4397.94
2022-01-25,4356.45,31.16,0.0005,-0.012171976789799865,4410.13
2022-01-26,4349.93,31.96,0.0004,-0.0014966314315554285,4356.45
2022-01-27,4326.51,30.49,0.0004,-0.005383994684971971,4349.93
2022-01-28,4431.85,27.66,0.0005,0.024347568825681787,4326.51
2022-01-31,4515.55,24.83,0.0005,0.018886018254227865,4431.85
2022-02-01,4546.54,21.96,0.0005,0.006862951356977565,4515.55
2022-02-02,4589.38,22.09,0.0005,0.009422549895085064,4546.54
2022-02-03,4477.44,24.35,0.0005,-0.024391094221877574,4589.38
2022-02-04,4500.53,23.22,0.0005,0.005156964694110977,4477.44
2022-02-07,4483.87,22.86,0.0005,-0.003701786234065696,4500.53
2022-02-08,4521.54,21.44,0.0005,0.008401224834796661,4483.87
2022-02-09,4587.18,19.96,0.0004,0.014517177775713597,4521.54
2022-02-10,4504.08,23.91,0.0005,-0.018115705073705524,4587.18
2022-02-11,4418.64,27.36,0.0005,-0.0189694676826343,4504.08
2022-02-14,4401.67,28.33,0.0005,-0.0038405482229827426,4418.64
2022-02-15,4471.07,25.7,0.0005,0.015766743077059386,4401.67
2022-02-16,4475.01,24.29,0.0005,0.0008812208263346832,4471.07
2022-02-17,4380.26,28.11,0.0005,-0.021173137043269175,4475.01
2022-02-18,4348.87,27.75,0.0005,-0.007166241273349194,4380.26
2022-02-22,4304.76,28.81,0.0005,-0.010142864698185927,4348.87
2022-02-23,4225.5,31.02,0.0005,-0.018412176288573612,4304.76
2022-02-24,4288.7,30.32,0.0005,0.014956809844988816,4225.5
2022-02-25,4384.65,27.59,0.0005,0.022372746986266234,4288.7
2022-02-28,4373.94,30.15,0.0005,-0.002442612295166069,4384.65
2022-03-01,4306.26,33.32,0.0005,-0.015473463284818578,4373.94
2022-03-02,4386.54,30.74,0.0005,0.018642627244987553,4306.26
2022-03-03,4363.49,30.48,0.0005,-0.005254711002293466,4386.54
2022-03-04,4328.87,31.98,0.0005,-0.00793401612012401,4363.49
2022-03-07,4201.09,36.45,0.0005,-0.02951809594651711,4328.87
2022-03-08,4170.7,35.13,0.0005,-0.007233836932796112,4201.09
2022-03-09,4277.88,32.45,0.0005,0.025698324022346508,4170.7
2022-03-10,4259.52,30.23,0.0005,-0.0042918454935622075,4277.88
2022-03-11,4204.31,30.75,0.0005,-0.012961554353542182,4259.52
2022-03-14,4173.11,31.77,0.0005,-0.00742095611408311,4204.31
2022-03-15,4262.45,29.83,0.0005,0.021408493905025416,4173.11
2022-03-16,4357.86,26.67,0.0005,0.022383840279651235,4262.45
2022-03-17,4411.67,25.67,0.003,0.012347803738532281,4357.86
2022-03-18,4463.12,23.87,0.003,0.011662250349640857,4411.67
2022-03-21,4461.18,23.53,0.0029,-0.00043467350194470455,4463.12
2022-03-22,4511.61,22.94,0.0028000000000000004,0.011304184094790948,4461.18
2022-03-23,4456.24,23.57,0.0027,-0.012272780670315009,4511.61
2022-03-24,4520.16,21.67,0.0027,0.014343931206577842,4456.24
2022-03-25,4543.06,20.81,0.0028000000000000004,0.005066192347173759,4520.16
2022-03-28,4575.52,19.63,0.0028000000000000004,0.007144963967017803,4543.06
2022-03-29,4631.6,18.9,0.0028000000000000004,0.012256530405287291,4575.52
2022-03-30,4602.45,19.33,0.0027,-0.006293721392175655,4631.6
2022-03-31,4530.41,20.56,0.0029,-0.015652532890091164,4602.45
2022-04-01,4545.86,19.63,0.003,0.0034102873691344016,4530.41
2022-04-04,4582.64,18.57,0.003,0.0080908782936564,4545.86
2022-04-05,4525.12,21.03,0.003,-0.012551716914267819,4582.64
2022-04-06,4481.15,22.1,0.003,-0.009716869386889204,4525.12
2022-04-07,4500.21,21.55,0.003,0.004253372460194527,4481.15
2022-04-08,4488.28,21.16,0.003,-0.0026509873983658894,4500.21
2022-04-11,4412.53,24.37,0.003,-0.01687728929567678,4488.28
2022-04-12,4397.45,24.26,0.0029,-0.003417540503973915,4412.53
2022-04-13,4446.59,21.82,0.0029,0.011174658040455254,4397.45
2022-04-14,4392.59,22.7,0.0029,-0.012144137417661627,4446.59
2022-04-18,4391.69,22.17,0.0029,-0.000204890508788802,4392.59
2022-04-19,4462.21,21.37,0.0028000000000000004,0.016057599693967584,4391.69
2022-04-20,4459.45,20.32,0.0027,-0.0006185275905885579,4462.21
2022-04-21,4393.66,22.68,0.0026,-0.01475294038502506,4459.45
2022-04-22,4271.78,28.21,0.0027,-0.02773997077607282,4393.66
2022-04-25,4296.12,27.02,0.0027,0.005697858972138148,4271.78
2022-04-26,4175.2,33.52,0.0027,-0.02814632738377887,4296.12
2022-04-27,4183.96,31.6,0.0028000000000000004,0.002098103084882119,4175.2
2022-04-28,4287.5,29.99,0.0028000000000000004,0.02474689050564538,4183.96
2022-04-29,4131.93,33.4,0.0028000000000000004,-0.03628454810495618,4287.5
2022-05-02,4155.38,32.34,0.003,0.005675313957399952,4131.93
2022-05-03,4175.48,29.25,0.003,0.004837102743912469,4155.38
2022-05-04,4300.17,25.42,0.003,0.0298624349775356,4175.48
2022-05-05,4146.87,31.2,0.0079,-0.03564975338184306,4300.17
2022-05-06,4123.34,30.19,0.0078000000000000005,-0.005674159064547379,4146.87
2022-05-09,3991.24,34.75,0.0078000000000000005,-0.032037134944001844,4123.34
2022-05-10,4001.05,32.99,0.0078000000000000005,0.00245788276325154,3991.24
2022-05-11,3935.18,32.56,0.0078000000000000005,-0.016463178415666024,4001.05
2022-05-12,3930.08,31.77,0.0079,-0.0012960017076728558,3935.18
2022-05-13,4023.89,28.87,0.0079,0.02386974310955492,3930.08
2022-05-16,4008.01,27.47,0.008,-0.003946429947140562,4023.89
2022-05-17,4088.85,26.1,0.008,0.020169610355263545,4008.01
2022-05-18,3923.68,30.96,0.0079,-0.04039522115020122,4088.85
2022-05-19,3900.79,29.35,0.0079,-0.005833809077192775,3923.68
2022-05-20,3901.36,29.43,0.0078000000000000005,0.00014612424662696633,3900.79
2022-05-23,3973.75,28.48,0.0078000000000000005,0.01855506797629536,3901.36
2022-05-24,3941.48,29.45,0.0078000000000000005,-0.008120792702107527,3973.75
2022-05-25,3978.73,28.37,0.0078000000000000005,0.009450764687376267,3941.48
2022-05-26,4057.84,27.5,0.0078000000000000005,0.01988322907058282,3978.73
2022-05-27,4158.24,25.72,0.0078000000000000005,0.024742227391912897,4057.84
2022-05-31,4132.15,26.19,0.0079,-0.006274289122320975,4158.24
2022-06-01,4101.23,25.69,0.008,-0.007482787410912017,4132.15
2022-06-02,4176.82,24.72,0.0079,0.018431056049039052,4101.23
2022-06-03,4108.54,24.79,0.0078000000000000005,-0.016347364741597592,4176.82
2022-06-06,4121.43,25.07,0.0078000000000000005,0.0031373675320187644,4108.54
2022-06-07,4160.68,24.02,0.0077,0.009523393579413009,4121.43
2022-06-08,4115.77,23.96,0.0076,-0.010793908688002896,4160.68
2022-06-09,4017.82,26.09,0.0075,-0.023798705952956634,4115.77
2022-06-10,3900.86,27.75,0.0075,-0.02911031355312088,4017.82
2022-06-13,3749.63,34.02,0.0073,-0.03876837415339185,3900.86
2022-06-14,3735.48,32.69,0.0069,-0.0037737056722930706,3749.63
2022-06-15,3789.99,29.62,0.006999999999999999,0.014592502168395916,3735.48
2022-06-16,3666.77,32.95,0.014499999999999999,-0.032511959134456814,3789.99
2022-06-17,3674.84,31.13,0.014499999999999999,0.0022008470670371594,3666.77
2022-06-21,3764.79,30.19,0.014499999999999999,0.02447725615264873,3674.84
2022-06-22,3759.89,28.95,0.014499999999999999,-0.0013015334188627437,3764.79
2022-06-23,3795.73,29.05,0.0144,0.009532193760987795,3759.89
2022-06-24,3911.74,27.23,0.0146,0.03056329085577736,3795.73
2022-06-27,3900.11,26.95,0.015,-0.002973101484249896,3911.74
2022-06-28,3821.55,28.36,0.0152,-0.02014302160708281,3900.11
2022-06-29,3818.83,28.16,0.0151,-0.000711753084481459,3821.55
2022-06-30,3785.38,28.71,0.015,-0.008759227302603145,3818.83
2022-07-01,3825.33,26.7,0.0152,0.010553762105785847,3785.38
2022-07-05,3831.39,27.54,0.0154,0.0015841770513915776,3825.33
2022-07-06,3845.08,26.73,0.0154,0.0035731157621645693,3831.39
2022-07-07,3902.62,26.08,0.0154,0.014964578110208349,3845.08
2022-07-08,3899.38,24.64,0.015300000000000001,-0.0008302114989416909,3902.62
2022-07-11,3854.43,26.17,0.015300000000000001,-0.011527473598367033,3899.38
2022-07-12,3818.8,27.29,0.0154,-0.009243908956706903,3854.43
2022-07-13,3801.78,26.82,0.015300000000000001,-0.004456897454697795,3818.8
2022-07-14,3790.38,26.4,0.015300000000000001,-0.00299859539478875,3801.78
2022-07-15,3863.16,24.23,0.0154,0.019201241036518768,3790.38
2022-07-18,3830.85,25.3,0.0154,-0.008363619420370894,3863.16
2022-07-19,3936.69,24.5,0.0154,0.027628333137554417,3830.85
2022-07-20,3959.9,23.88,0.015300000000000001,0.005895816028186118,3936.69
2022-07-21,3998.95,23.11,0.015300000000000001,0.009861360135356989,3959.9
2022-07-22,3961.63,23.03,0.0152,-0.009332449768064022,3998.95
2022-07-25,3966.84,23.36,0.015300000000000001,0.0013151152429682345,3961.63
2022-07-26,3921.05,24.69,0.015300000000000001,-0.011543193070554847,3966.84
2022-07-27,4023.61,23.24,0.015300000000000001,0.026156259165274642,3921.05
2022-07-28,4072.43,22.33,0.022799999999999997,0.012133382708562568,4023.61
2022-07-29,4130.29,21.33,0.0227,0.014207733466259809,4072.43
2022-08-01,4118.63,22.84,0.022799999999999997,-0.0028230463236237346,4130.29
2022-08-02,4091.19,23.93,0.023,-0.006662409587654183,4118.63
2022-08-03,4155.17,21.95,0.0229,0.015638481713144525,4091.19
2022-08-04,4151.94,21.44,0.0229,-0.0007773448499099889,4155.17
2022-08-05,4145.19,21.15,0.022799999999999997,-0.0016257460367924415,4151.94
2022-08-08,4140.06,21.29,0.022799999999999997,-0.0012375789770792123,4145.19
2022-08-09,4122.47,21.77,0.0229,-0.004248730694724312,4140.06
2022-08-10,4210.24,19.74,0.022799999999999997,0.021290634013103604,4122.47
2022-08-11,4207.27,20.2,0.022799999999999997,-0.0007054229687617486,4210.24
2022-08-12,4280.15,19.53,0.022799999999999997,0.01732239670855429,4207.27
2022-08-15,4297.14,19.95,0.0229,0.00396948705068767,4280.15
2022-08-16,4305.2,19.69,0.0229,0.0018756661407353103,4297.14
2022-08-17,4274.04,19.9,0.0229,-0.0072377589891293725,4305.2
2022-08-18,4283.74,19.56,0.022799999999999997,0.0022695154935377104,4274.04
2022-08-19,4228.48,20.6,0.022799999999999997,-0.012899942573545653,4283.74
2022-08-22,4137.99,23.8,0.022799999999999997,-0.021400124867564707,4228.48
2022-08-23,4128.73,24.11,0.0227,-0.0022378014446627903,4137.99
2022-08-24,4140.77,22.82,0.0227,0.0029161509713642175,4128.73
2022-08-25,4199.12,21.78,0.022799999999999997,0.014091582000449021,4140.77
2022-08-26,4057.66,25.56,0.022799999999999997,-0.033688010821315006,4199.12
2022-08-29,4030.61,26.21,0.022799999999999997,-0.0066664037893761074,4057.66
2022-08-30,3986.16,26.21,0.0229,-0.011028107408059928,4030.61
2022-08-31,3955.0,25.87,0.0229,-0.007817046982559583,3986.16
2022-09-01,3966.85,25.56,0.0229,0.002996207332490508,3955.0
2022-09-02,3924.26,25.47,0.0229,-0.010736478566116592,3966.85
2022-09-06,3908.19,26.91,0.0229,-0.004095039574340209,3924.26
2022-09-07,3979.87,24.64,0.022799999999999997,0.018340971140093032,3908.19
2022-09-08,4006.18,23.61,0.022799999999999997,0.006610768693449787,3979.87
2022-09-09,4067.36,22.79,0.022799999999999997,0.015271405678227268,4006.18
2022-09-12,4110.41,23.87,0.022799999999999997,0.01058426104401855,4067.36
2022-09-13,3932.69,27.27,0.022799999999999997,-0.043236562775976095,4110.41
2022-09-14,3946.01,26.16,0.0227,0.0033869946525153516,3932.69
2022-09-15,3901.35,26.27,0.022799999999999997,-0.011317761485652666,3946.01
2022-09-16,3873.33,26.3,0.0227,-0.007182129262947479,3901.35
2022-09-19,3899.89,25.76,0.0227,0.006857148758303566,3873.33
2022-09-20,3855.93,27.16,0.0226,-0.011272112803181633,3899.89
2022-09-21,3789.93,27.99,0.0225,-0.017116493297336777,3855.93
2022-09-22,3757.99,27.35,0.029900000000000003,-0.008427596288058115,3789.93
2022-09-23,3693.23,29.92,0.029900000000000003,-0.01723261637204987,3757.99
2022-09-26,3655.04,32.26,0.029900000000000003,-0.010340542018774879,3693.23
2022-09-27,3647.29,32.6,0.0298,-0.0021203598319033956,3655.04
2022-09-28,3719.04,30.18,0.0298,0.019672140136923533,3647.29
2022-09-29,3640.47,31.84,0.0296,-0.021126419721218426,3719.04
2022-09-30,3585.62,31.62,0.0298,-0.01506673588849794,3640.47
2022-10-03,3678.43,30.1,0.03,0.025883947546031072,3585.62
2022-10-04,3790.93,29.07,0.0304,0.030583700111188827,3678.43
2022-10-05,3783.28,28.55,0.0304,-0.0020179744811957834,3790.93
2022-10-06,3744.52,30.52,0.0305,-0.010245078344716774,3783.28
2022-10-07,3639.66,31.36,0.0305,-0.028003589245083504,3744.52
2022-10-10,3612.39,32.45,0.0305,-0.007492458086744369,3639.66
2022-10-11,3588.84,33.63,0.0305,-0.006519229651283376,3612.39
2022-10-12,3577.03,33.57,0.0304,-0.0032907569019515748,3588.84
2022-10-13,3669.91,31.94,0.0304,0.025965675434648228,3577.03
2022-10-14,3583.07,32.02,0.0304,-0.023662705624933444,3669.91
2022-10-17,3677.95,31.37,0.0305,0.026480085513260976,3583.07
2022-10-18,3719.98,30.5,0.0304,0.011427561549232745,3677.95
2022-10-19,3695.16,30.76,0.0304,-0.006672078882144605,3719.98
2022-10-20,3665.78,29.98,0.030299999999999997,-0.007950941231232078,3695.16
2022-10-21,3752.75,29.69,0.0302,0.023724828003862664,3665.78
2022-10-24,3797.34,29.85,0.0301,0.011881953234294862,3752.75
2022-10-25,3859.11,28.46,0.0302,0.01626664981276371,3797.34
2022-10-26,3830.6,27.28,0.030299999999999997,-0.007387713747470381,3859.11
2022-10-27,3807.3,27.39,0.0304,-0.006082598026418751,3830.6
2022-10-28,3901.06,25.75,0.0305,0.024626375646783716,3807.3
2022-10-31,3871.98,25.88,0.0305,-0.007454384193014141,3901.06
2022-11-01,3856.1,25.81,0.0305,-0.00410126085362017,3871.98
2022-11-02,3759.69,25.86,0.0305,-0.025001944970306722,3856.1
2022-11-03,3719.89,25.3,0.038,-0.010585979163175718,3759.69
2022-11-04,3770.55,24.55,0.038,0.013618682272863003,3719.89
2022-11-07,3806.8,24.35,0.0378,0.00961398204505981,3770.55
2022-11-08,3828.11,25.54,0.0378,0.005597877482399927,3806.8
2022-11-09,3748.57,26.09,0.0378,-0.020777877333723382,3828.11
2022-11-10,3956.37,23.53,0.0378,0.05543447234545429,3748.57
2022-11-11,3992.93,22.52,0.0378,0.009240793960120008,3956.37
2022-11-14,3957.25,23.73,0.0379,-0.008935794015923149,3992.93
2022-11-15,3991.73,24.54,0.038,0.008713121485880437,3957.25
2022-11-16,3958.79,24.11,0.0381,-0.008252061136399536,3991.73
2022-11-17,3946.56,23.93,0.038,-0.003089327799655983,3958.79
2022-11-18,3965.34,23.12,0.038,0.004758574556069206,3946.56
2022-11-21,3949.94,22.36,0.038,-0.0038836518432215916,3965.34
2022-11-22,4003.58,21.29,0.038,0.013579953113211918,3949.94
2022-11-23,4027.26,20.35,0.0379,0.0059147063378277576,4003.58
2022-11-25,4026.12,20.5,0.038,-0.0002830708720074071,4027.26
2022-11-28,3963.94,22.21,0.038,-0.01544414970244301,4026.12
2022-11-29,3957.63,21.89,0.0381,-0.0015918505325509535,3963.94
2022-11-30,4080.11,20.58,0.0382,0.030947814727501077,3957.63
2022-12-01,4076.57,19.84,0.0382,-0.0008676236670089876,4080.11
2022-12-02,4071.7,19.06,0.0381,-0.0011946317615054713,4076.57
2022-12-05,3998.84,20.75,0.0381,-0.017894245646781326,4071.7
2022-12-06,3941.26,22.17,0.038,-0.014399175760970717,3998.84
2022-12-07,3933.92,22.68,0.038,-0.001862348589029894,3941.26
2022-12-08,3963.51,22.29,0.038,0.007521759466384781,3933.92
2022-12-09,3934.38,22.83,0.038,-0.007349546235533633,3963.51
2022-12-12,3990.56,25.0,0.038,0.014279251114533986,3934.38
2022-12-13,4019.65,22.55,0.038,0.007289703700733785,3990.56
2022-12-14,3995.32,21.14,0.038,-0.006052765788066128,4019.65
2022-12-15,3895.75,22.83,0.0432,-0.024921658340258168,3995.32
2022-12-16,3852.36,22.62,0.0432,-0.011137778348199956,3895.75
2022-12-19,3817.66,22.42,0.043,-0.009007465553582783,3852.36
2022-12-20,3821.62,21.48,0.043,0.0010372846193742458,3817.66
2022-12-21,3878.44,20.07,0.043,0.014868040255179737,3821.62
2022-12-22,3822.39,21.97,0.043,-0.014451686760656446,3878.44
2022-12-23,3844.82,20.87,0.043,0.005868056373107056,3822.39
2022-12-27,3829.25,21.65,0.043,-0.004049604402806883,3844.82
2022-12-28,3783.22,22.14,0.043,-0.01202063067180259,3829.25
2022-12-29,3849.28,21.44,0.043,0.017461316021801565,3783.22
2022-12-30,3839.5,21.67,0.043,-0.0025407348906808513,3849.28
2023-01-03,3824.14,22.9,0.0431,-0.004000520901158988,3839.5
2023-01-04,3852.97,22.01,0.043,0.00753894993384141,3824.14
2023-01-05,3808.1,22.46,0.0431,-0.01164556173549236,3852.97
2023-01-06,3895.08,21.13,0.0431,0.02284078674404566,3808.1
2023-01-09,3892.09,21.97,0.0431,-0.0007676350678290644,3895.08
2023-01-10,3919.25,20.58,0.0431,0.006978255898501873,3892.09
2023-01-11,3969.61,21.09,0.043,0.012849397206098123,3919.25
2023-01-12,3983.17,18.83,0.043,0.00341595270064321,3969.61
2023-01-13,3999.09,18.35,0.043,0.003996816605869258,3983.17
2023-01-17,3990.97,19.36,0.0431,-0.0020304619300891558,3999.09
2023-01-18,3928.86,20.34,0.043,-0.01556263264319191,3990.97
2023-01-19,3898.85,20.52,0.0431,-0.007638348019527341,3928.86
2023-01-20,3972.61,19.85,0.043,0.01891839901509429,3898.85
2023-01-23,4019.81,19.81,0.043,0.011881357596139619,3972.61
2023-01-24,4016.95,19.2,0.043,-0.0007114764130643492,4019.81
2023-01-25,4016.22,19.08,0.0431,-0.00018172991946630024,4016.95
2023-01-26,4060.43,18.73,0.043,0.011007863115068517,4016.22
2023-01-27,4070.56,18.51,0.043,0.002494809663015962,4060.43
2023-01-30,4017.77,19.94,0.043,-0.012968731575016657,4070.56
2023-01-31,4076.6,19.4,0.0431,0.014642450911824145,4017.77
2023-02-01,4119.21,17.87,0.0431,0.010452337732424155,4076.6
2023-02-02,4179.76,18.73,0.045599999999999995,0.01469942051995421,4119.21
2023-02-03,4136.48,18.33,0.0455,-0.010354661511665864,4179.76
2023-02-06,4111.08,19.43,0.0455,-0.006140486597300043,4136.48
2023-02-07,4164.0,18.66,0.0455,0.01287252984617182,4111.08
2023-02-08,4117.86,19.63,0.0455,-0.011080691642651352,4164.0
2023-02-09,4081.5,20.71,0.0455,-0.008829829085981511,4117.86
2023-02-10,4090.46,20.53,0.0455,0.0021952713463186946,4081.5
2023-02-13,4137.29,20.34,0.0455,0.011448590134117032,4090.46
2023-02-14,4136.13,18.91,0.0455,-0.0002803767683676739,4137.29
2023-02-15,4147.6,18.23,0.0455,0.0027731236687436045,4136.13
2023-02-16,4090.41,20.17,0.0455,-0.01378869707782826,4147.6
2023-02-17,4079.09,20.02,0.0455,-0.0027674487398573477,4090.41
2023-02-21,3997.34,22.87,0.0455,-0.020041234687148357,4079.09
2023-02-22,3991.05,22.29,0.0455,-0.0015735464083616035,3997.34
2023-02-23,4012.32,21.14,0.0455,0.0053294245875146196,3991.05
2023-02-24,3970.04,21.67,0.0455,-0.010537544363360851,4012.32
2023-02-27,3982.24,20.95,0.0455,0.0030730168965551474,3970.04
2023-02-28,3970.15,20.7,0.0455,-0.0030359797500902896,3982.24
2023-03-01,3951.39,20.58,0.0455,-0.004725262269687613,3970.15
2023-03-02,3981.35,19.59,0.0455,0.0075821419804169565,3951.39
2023-03-03,4045.64,18.49,0.0455,0.0161477890665227,3981.35
2023-03-06,4048.42,18.61,0.0455,0.0006871595099910977,4045.64
2023-03-07,3986.37,19.59,0.0455,-0.015326967063694075,4048.42
2023-03-08,3992.01,19.11,0.0455,0.001414821002566402,3986.37
2023-03-09,3918.32,22.61,0.0455,-0.018459372596762003,3992.01
2023-03-10,3861.59,24.8,0.0455,-0.014478143694236278,3918.32
2023-03-13,3855.76,26.52,0.0455,-0.0015097408062482165,3861.59
2023-03-14,3919.29,23.73,0.0455,0.016476647924144494,3855.76
2023-03-15,3891.93,26.14,0.0458,-0.006980856226510457,3919.29
2023-03-16,3960.28,22.99,0.045700000000000005,0.017561980816715783,3891.93
2023-03-17,3916.64,25.51,0.0455,-0.01101942286909019,3960.28
2023-03-20,3951.57,24.15,0.0455,0.008918358593079878,3916.64
2023-03-21,4002.87,21.38,0.0455,0.012982181765728518,3951.57
2023-03-22,3936.97,22.26,0.0455,-0.01646318766285193,4002.87
2023-03-23,3948.72,22.61,0.048,0.002984528711166279,3936.97
2023-03-24,3970.99,21.74,0.048,0.0056398022650376856,3948.72
2023-03-27,3977.53,20.6,0.0481,0.0016469444647304599,3970.99
2023-03-28,3971.27,19.97,0.0484,-0.0015738410521103363,3977.53
2023-03-29,4027.81,19.12,0.0483,0.014237259113583312,3971.27
2023-03-30,4050.83,19.02,0.0482,0.0057152646227105475,4027.81
2023-03-31,4109.31,18.7,0.0487,0.014436547571732294,4050.83
2023-04-03,4124.51,18.55,0.0484,0.0036989178231867648,4109.31
2023-04-04,4100.6,19.0,0.0483,-0.0057970522559043225,4124.51
2023-04-05,4090.38,19.08,0.0481,-0.0024923181973370845,4100.6
2023-04-06,4105.02,18.4,0.0481,0.003579129567424122,4090.38
2023-04-10,4109.11,18.97,0.0481,0.0009963410653295313,4105.02
2023-04-11,4108.94,19.1,0.048,-4.137148920324574e-05,4109.11
2023-04-12,4091.95,19.09,0.048,-0.004134886369720592,4108.94
2023-04-13,4146.22,17.8,0.048,0.013262625398648753,4091.95
2023-04-14,4137.64,17.07,0.048,-0.0020693547375681964,4146.22
2023-04-17,4151.32,16.95,0.048,0.0033062325383550473,4137.64
2023-04-18,4154.87,16.83,0.048,0.0008551496873283604,4151.32
2023-04-19,4154.52,16.46,0.048,-8.423849602978706e-05,4154.87
2023-04-20,4129.79,17.17,0.048,-0.005952552882162232,4154.52
2023-04-21,4133.52,16.77,0.048,0.0009031936248575789,4129.79
2023-04-24,4137.04,16.89,0.048,0.0008515744450250384,4133.52
2023-04-25,4071.63,18.76,0.048,-0.015810821263512076,4137.04
2023-04-26,4055.99,18.84,0.048,-0.003841213469789828,4071.63
2023-04-27,4135.35,17.03,0.0481,0.019566123190639217,4055.99
2023-04-28,4169.48,15.78,0.0481,0.008253231286347917,4135.35
2023-05-01,4167.87,16.08,0.0481,-0.0003861392787588569,4169.48
2023-05-02,4119.58,17.78,0.0481,-0.011586253889876552,4167.87
2023-05-03,4090.75,18.34,0.0481,-0.006998286233062534,4119.58
2023-05-04,4061.22,20.09,0.0506,-0.007218725172645657,4090.75
2023-05-05,4136.25,17.19,0.0506,0.018474744042430657,4061.22
2023-05-08,4138.12,16.98,0.0506,0.0004521003324267081,4136.25
2023-05-09,4119.17,17.71,0.0506,-0.004579374208577791,4138.12
2023-05-10,4137.64,16.94,0.0506,0.004483913021312569,4119.17
2023-05-11,4130.62,16.93,0.050499999999999996,-0.0016966193288928677,4137.64
2023-05-12,4124.08,17.03,0.050499999999999996,-0.0015832974226629437,4130.62
2023-05-15,4136.28,17.12,0.0506,0.002958235533743192,4124.08
2023-05-16,4109.9,17.99,0.050499999999999996,-0.006377711373504735,4136.28
2023-05-17,4158.77,16.87,0.050499999999999996,0.011890800262780221,4109.9
2023-05-18,4198.05,16.05,0.050499999999999996,0.009445100354191105,4158.77
2023-05-19,4191.98,16.81,0.050499999999999996,-0.001445909410321633,4198.05
2023-05-22,4192.63,17.21,0.050499999999999996,0.00015505799168891166,4191.98
2023-05-23,4145.58,18.53,0.050499999999999996,-0.011222073018606449,4192.63
2023-05-24,4115.24,20.03,0.050499999999999996,-0.007318638164020563,4145.58
2023-05-25,4151.28,19.14,0.0506,0.00875769092446621,4115.24
2023-05-26,4205.45,17.95,0.0506,0.013048987300302572,4151.28
2023-05-30,4205.52,17.46,0.0506,1.6645067709930572e-05,4205.45
2023-05-31,4179.83,17.94,0.0508,-0.006108638170785219,4205.52
2023-06-01,4221.02,15.65,0.0508,0.009854467765435526,4179.83
2023-06-02,4282.37,14.6,0.0507,0.014534401637518846,4221.02
2023-06-05,4273.79,14.73,0.0506,-0.002003563447343426,4282.37
2023-06-06,4283.85,13.96,0.050499999999999996,0.002353882619408054,4273.79
2023-06-07,4267.52,13.94,0.050499999999999996,-0.0038119915496573897,4283.85
2023-06-08,4293.93,13.65,0.050499999999999996,0.006188606028794119,4267.52
2023-06-09,4298.86,13.83,0.050499999999999996,0.0011481323635922358,4293.93
2023-06-12,4338.93,15.01,0.050499999999999996,0.009321075820101221,4298.86
2023-06-13,4369.01,14.61,0.050499999999999996,0.006932584761680793,4338.93
2023-06-14,4372.59,13.88,0.050499999999999996,0.0008194076003487094,4369.01
2023-06-15,4425.84,14.5,0.0506,0.012178136985173449,4372.59
2023-06-16,4409.59,13.54,0.050499999999999996,-0.0036716193988033385,4425.84
2023-06-20,4388.71,13.88,0.050499999999999996,-0.0047351341054383544,4409.59
2023-06-21,4365.69,13.2,0.050499999999999996,-0.005245277085977551,4388.71
2023-06-22,4381.89,12.91,0.050499999999999996,0.003710753626574581,4365.69
2023-06-23,4348.33,13.44,0.050499999999999996,-0.007658795633847637,4381.89
2023-06-26,4328.82,14.25,0.050499999999999996,-0.004486779982200151,4348.33
2023-06-27,4378.41,13.74,0.050499999999999996,0.011455777787018118,4328.82
2023-06-28,4376.86,13.43,0.0506,-0.00035400978894173374,4378.41
2023-06-29,4396.44,13.54,0.0506,0.004473526683512752,4376.86
2023-06-30,4450.38,13.59,0.0509,0.012269017659743087,4396.44
2023-07-03,4455.59,13.57,0.0506,0.0011706865481149187,4450.38
2023-07-05,4446.82,14.18,0.0506,-0.0019683139606652134,4455.59
2023-07-06,4411.59,15.44,0.0506,-0.007922515415510367,4446.82
2023-07-07,4398.95,14.83,0.0506,-0.0028651801277997935,4411.59
2023-07-10,4409.53,15.07,0.0506,0.0024051194034939716,4398.95
2023-07-11,4439.26,14.84,0.0506,0.006742215156717579,4409.53
2023-07-12,4472.16,13.54,0.050499999999999996,0.007411145100759908,4439.26
2023-07-13,4510.04,13.61,0.0506,0.00847017995778332,4472.16
2023-07-14,4505.42,13.34,0.050499999999999996,-0.001024381158481913,4510.04
2023-07-17,4522.79,13.48,0.0506,0.003855356437357571,4505.42
2023-07-18,4554.98,13.3,0.0506,0.007117288222535212,4522.79
2023-07-19,4565.72,13.76,0.050499999999999996,0.0023578588709500803,4554.98
2023-07-20,4534.87,13.99,0.0506,-0.006756875147840957,4565.72
2023-07-21,4536.34,13.6,0.050499999999999996,0.00032415482692993436,4534.87
2023-07-24,4554.64,13.91,0.050499999999999996,0.004034089155574794,4536.34
2023-07-25,4567.46,13.86,0.0506,0.002814712029929778,4554.64
2023-07-26,4566.75,13.19,0.0506,-0.00015544744781559316,4567.46
2023-07-27,4537.41,14.41,0.053099999999999994,-0.006424700279192064,4566.75
2023-07-28,4582.23,13.33,0.053,0.009877881875342887,4537.41
2023-07-31,4588.96,13.63,0.053099999999999994,0.0014687171966489831,4582.23
2023-08-01,4576.73,13.93,0.053099999999999994,-0.0026650918726683903,4588.96
2023-08-02,4513.39,16.09,0.053,-0.01383957541738301,4576.73
2023-08-03,4501.89,15.92,0.053,-0.002547973917609636,4513.39
2023-08-04,4478.03,17.1,0.053,-0.00529999622380839,4501.89
2023-08-07,4518.44,15.77,0.053,0.00902405745383561,4478.03
2023-08-08,4499.38,15.99,0.053,-0.004218270022397053,4518.44
2023-08-09,4467.71,15.96,0.053,-0.007038747560775049,4499.38
2023-08-10,4468.83,15.85,0.053,0.00025068771249703303,4467.71
2023-08-11,4464.05,14.84,0.053,-0.0010696312010077813,4468.83
2023-08-14,4489.72,14.82,0.053,0.005750383620255262,4464.05
2023-08-15,4437.86,16.46,0.053,-0.011550831677699436,4489.72
2023-08-16,4404.33,16.78,0.053,-0.0075554433893813,4437.86
2023-08-17,4370.36,17.89,0.053,-0.007712864385729601,4404.33
2023-08-18,4369.71,17.3,0.053,-0.00014872916647590273,4370.36
2023-08-21,4399.77,17.13,0.053,0.006879175048229769,4369.71
2023-08-22,4387.55,16.97,0.053,-0.0027774179104816943,4399.77
2023-08-23,4436.01,15.98,0.053,0.011044888377340412,4387.55
2023-08-24,4376.31,17.2,0.053,-0.013458039995401183,4436.01
2023-08-25,4405.71,15.68,0.053,0.006717988442317857,4376.31
2023-08-28,4433.31,15.08,0.053,0.0062645975336552695,4405.71
2023-08-29,4497.63,14.45,0.053,0.014508347036412905,4433.31
2023-08-30,4514.87,13.88,0.053,0.0038331298928546698,4497.63
2023-08-31,4507.66,13.57,0.053099999999999994,-0.0015969452055097921,4514.87
2023-09-01,4515.77,13.09,0.053099999999999994,0.0017991596526802933,4507.66
2023-09-05,4496.83,14.01,0.053099999999999994,-0.00419419058100845,4515.77
2023-09-06,4465.48,14.45,0.053,-0.0069715777558858605,4496.83
2023-09-07,4451.14,14.4,0.053099999999999994,-0.0032113009127796577,4465.48
2023-09-08,4457.49,13.84,0.053,0.0014266008258556617,4451.14
2023-09-11,4487.46,13.8,0.053,0.006723514803174124,4457.49
2023-09-12,4461.9,14.23,0.053,-0.005695872498027943,4487.46
2023-09-13,4467.44,13.48,0.053,0.001241623523611013,4461.9
2023-09-14,4505.1,12.82,0.053,0.008429883781315706,4467.44
2023-09-15,4450.32,13.79,0.053099999999999994,-0.012159552507158722,4505.1
2023-09-18,4453.53,14.0,0.053099999999999994,0.0007212964460983073,4450.32
2023-09-19,4443.95,14.11,0.053099999999999994,-0.0021511026084926055,4453.53
2023-09-20,4402.2,15.14,0.053,-0.009394795170962755,4443.95
2023-09-21,4330.0,17.54,0.053,-0.016400890463858953,4402.2
2023-09-22,4320.06,17.2,0.053,-0.0022956120092377796,4330.0
2023-09-25,4337.44,16.9,0.053099999999999994,0.00402309227186648,4320.06
2023-09-26,4273.53,18.94,0.053099999999999994,-0.01473449776826885,4337.44
2023-09-27,4274.51,18.22,0.053200000000000004,0.0002293186195019281,4273.53
2023-09-28,4299.7,17.34,0.053099999999999994,0.005893073124170867,4274.51
2023-09-29,4288.05,17.52,0.053099999999999994,-0.002709491359862204,4299.7
2023-10-02,4288.39,17.61,0.053200000000000004,7.92901202177898e-05,4288.05
2023-10-03,4229.45,19.78,0.0533,-0.01374408577578079,4288.39
2023-10-04,4263.75,18.58,0.053200000000000004,0.008109801510834735,4229.45
2023-10-05,4258.19,18.49,0.053200000000000004,-0.0013040164174730196,4263.75
2023-10-06,4308.5,17.45,0.053099999999999994,0.011814879091820885,4258.19
2023-10-09,4335.66016,17.7,0.053099999999999994,0.006303855170012751,4308.5
2023-10-10,4358.24023,17.03,0.053099999999999994,0.0052079889028939785,4335.66016
2023-10-11,4376.9502,16.09,0.053099999999999994,0.004293010254737606,4358.24023
2023-10-12,4349.60986,16.69,0.053099999999999994,-0.006246436160046054,4376.9502
2023-10-13,4327.77979,19.32,0.053099999999999994,-0.005018857024570056,4349.60986
2023-10-16,4373.62988,17.21,0.053099999999999994,0.010594367602978494,4327.77979
2023-10-17,4373.2002,17.88,0.053099999999999994,-9.82433383229786e-05,4373.62988
2023-10-18,4314.6001,19.22,0.053,-0.013399821028088454,4373.2002
2023-10-19,4278.0,21.4,0.053,-0.008482848734926662,4314.6001
2023-10-20,4224.16016,21.71,0.053,-0.012585282842449641,4278.0
2023-10-23,4217.04004,20.37,0.053,-0.001685570558480065,4224.16016
2023-10-24,4247.68018,18.97,0.053,0.007265792999205267,4217.04004
2023-10-25,4186.77002,20.19,0.053,-0.014339629496305517,4247.68018
2023-10-26,4137.22998,20.68,0.053099999999999994,-0.01183252000070445,4186.77002
2023-10-27,4117.37012,21.27,0.053099999999999994,-0.004800279437209509,4137.22998
2023-10-30,4166.81982,19.75,0.053099999999999994,0.012010020609951821,4117.37012
2023-10-31,4193.7998,18.14,0.0535,0.006474957201293208,4166.81982
2023-11-01,4237.85986,16.87,0.053200000000000004,0.01050599983337297,4193.7998
2023-11-02,4317.77979,15.66,0.0533,0.018858558951970528,4237.85986
2023-11-03,4358.33984,14.91,0.053200000000000004,0.009393728252176547,4317.77979
2023-11-06,4365.97998,14.89,0.053200000000000004,0.0017529931764110884,4358.33984
2023-11-07,4378.37988,14.81,0.053200000000000004,0.002840118382769319,4365.97998
2023-11-08,4382.77979,14.45,0.053200000000000004,0.0010049173713997384,4378.37988
2023-11-09,4347.3501,15.29,0.053200000000000004,-0.008083839868212928,4382.77979
2023-11-10,4415.24023,14.17,0.053200000000000004,0.01561643954095171,4347.3501
2023-11-13,4411.5498,14.76,0.053200000000000004,-0.0008358390048462949,4415.24023
2023-11-14,4495.7002,14.16,0.053200000000000004,0.019075019849033703,4411.5498
2023-11-15,4502.87988,14.18,0.053200000000000004,0.0015970104056315382,4495.7002
2023-11-16,4508.24023,14.32,0.053200000000000004,0.0011904270473233058,4502.87988
2023-11-17,4514.02002,13.8,0.053200000000000004,0.001282050136001578,4508.24023
2023-11-20,4547.37988,13.41,0.053099999999999994,0.007390277369660581,4514.02002
2023-11-21,4538.18994,13.35,0.053099999999999994,-0.002020930787071218,4547.37988
2023-11-22,4556.62012,12.85,0.053099999999999994,0.0040611301518154175,4538.18994
2023-11-24,4559.33984,12.46,0.053200000000000004,0.0005968722273035354,4556.62012
2023-11-27,4550.43018,12.69,0.053200000000000004,-0.001954155713911332,4559.33984
2023-11-28,4554.89014,12.69,0.053200000000000004,0.000980118323670176,4550.43018
2023-11-29,4550.58008,12.98,0.053099999999999994,-0.0009462489472908953,4554.89014
2023-11-30,4567.7998,12.92,0.0533,0.0037840714144734555,4550.58008
2023-12-01,4594.62988,12.63,0.053899999999999997,0.005873742540117632,4567.7998
2023-12-04,4569.77,13.08,0.0537,-0.0054106382122774965,4594.62988
2023-12-05,4567.17,12.85,0.0533,-0.0005689564245028311,4569.77
2023-12-06,4549.35,12.97,0.053200000000000004,-0.003901759733051291,4567.17
2023-12-07,4585.58,13.06,0.053200000000000004,0.007963775044786514,4549.35
2023-12-08,4604.36,12.35,0.053200000000000004,0.004095447031782218,4585.58
2023-12-11,4622.43,12.63,0.053200000000000004,0.003924541087143574,4604.36
2023-12-12,4643.69,12.07,0.053099999999999994,0.004599312482828077,4622.43
2023-12-13,4707.08,12.19,0.053099999999999994,0.013650782028946873,4643.69
2023-12-14,4719.54,12.48,0.053099999999999994,0.002647076319076902,4707.08
2023-12-15,4719.18,12.28,0.053200000000000004,-7.62786203739596e-05,4719.54
2023-12-18,4740.57,12.56,0.053200000000000004,0.004532567098521234,4719.18
2023-12-19,4768.36,12.53,0.053099999999999994,0.005862164254509361,4740.57
2023-12-20,4698.34,13.67,0.053099999999999994,-0.014684293971092721,4768.36
2023-12-21,4746.76,13.65,0.053099999999999994,0.01030576756897128,4698.34
2023-12-22,4754.64,13.03,0.053200000000000004,0.0016600797175336801,4746.76
2023-12-26,4774.74,12.99,0.0535,0.004227449396799532,4754.64
2023-12-27,4781.59,12.43,0.053899999999999997,0.0014346330899692727,4774.74
2023-12-28,4783.36,12.47,0.054000000000000006,0.0003701697552487282,4781.59
2023-12-29,4769.82,12.45,0.0538,-0.002830646240299717,4783.36
2024-01-02,4742.82,13.2,0.054000000000000006,-0.005660590965696821,4769.82
2024-01-03,4704.82,14.04,0.053899999999999997,-0.008012110938218187,4742.82
2024-01-04,4688.69,14.13,0.053200000000000004,-0.003428398961065504,4704.82
2024-01-05,4697.23,13.35,0.053099999999999994,0.0018214042728352808,4688.69
2024-01-08,4763.55,13.08,0.053099999999999994,0.01411895947185915,4697.23
2024-01-09,4756.51,12.76,0.053099999999999994,-0.0014778893892160028,4763.55
2024-01-10,4783.46,12.69,0.053099999999999994,0.005665918919543822,4756.51
2024-01-11,4780.23,12.44,0.053099999999999994,-0.0006752434430308263,4783.46
2024-01-12,4783.84,12.7,0.053099999999999994,0.0007551937877467996,4780.23
2024-01-16,4765.99,13.84,0.053200000000000004,-0.003731312084016225,4783.84
2024-01-17,4739.22,14.79,0.053200000000000004,-0.005616881277551888,4765.99
2024-01-18,4780.95,14.13,0.053099999999999994,0.008805246432957325,4739.22
2024-01-19,4839.82,13.3,0.053099999999999994,0.012313452347336717,4780.95
2024-01-22,4850.44,13.19,0.053099999999999994,0.002194296482100455,4839.82
2024-01-23,4864.61,12.55,0.053099999999999994,0.002921384451719966,4850.44
2024-01-24,4868.54,13.14,0.053099999999999994,0.0008078756570413237,4864.61
2024-01-25,4894.17,13.45,0.053200000000000004,0.005264411918151968,4868.54
2024-01-26,4890.96,13.26,0.053200000000000004,-0.0006558824070271863,4894.17
2024-01-29,4927.94,13.6,0.053099999999999994,0.007560887842059438,4890.96
2024-01-30,4924.96,13.31,0.053099999999999994,-0.0006047151548110863,4927.94
2024-01-31,4845.66,14.35,0.053200000000000004,-0.016101653617491385,4924.96
2024-02-01,4906.18,13.88,0.053200000000000004,0.012489526710499854,4845.66
2024-02-02,4958.62,13.85,0.053200000000000004,0.010688560142513959,4906.18
2024-02-05,4942.82,13.67,0.053099999999999994,-0.0031863704014424288,4958.62
2024-02-06,4954.24,13.06,0.053099999999999994,0.002310421985829869,4942.82
2024-02-07,4995.05,12.83,0.053099999999999994,0.008237388580286886,4954.24
2024-02-08,4997.92,12.79,0.053099999999999994,0.0005745688231348911,4995.05
2024-02-09,5026.62,12.93,0.053099999999999994,0.005742388833754886,4997.92
2024-02-12,5021.83,13.93,0.053099999999999994,-0.0009529266186821816,5026.62
2024-02-13,4953.16,15.85,0.053099999999999994,-0.013674298014867081,5021.83
2024-02-14,5000.63,14.38,0.053,0.009583780859087954,4953.16
2024-02-15,5029.72,14.01,0.053099999999999994,0.005817267024355033,5000.63
2024-02-16,5005.56,14.24,0.053,-0.004803448303285274,5029.72
2024-02-20,4975.52,15.42,0.053,-0.00600132652490426,5005.56
2024-02-21,4981.81,15.34,0.053,0.0012641894716531876,4975.52
2024-02-22,5087.02,14.54,0.053,0.02111883030464834,4981.81
2024-02-23,5088.79,13.75,0.053099999999999994,0.0003479443760785461,5087.02
2024-02-26,5069.54,13.74,0.053099999999999994,-0.0037828246007400868,5088.79
2024-02-27,5078.17,13.43,0.053099999999999994,0.0017023240767406467,5069.54
2024-02-28,5069.77,13.84,0.053099999999999994,-0.001654139187935777,5078.17
2024-02-29,5096.28,13.4,0.053200000000000004,0.0052290340587441975,5069.77
2024-03-01,5137.07,13.11,0.053099999999999994,0.008003877337979803,5096.28
2024-03-04,5130.94,13.49,0.053099999999999994,-0.0011932872240402181,5137.07
2024-03-05,5078.64,14.46,0.053099999999999994,-0.01019306403894793,5130.94
2024-03-06,5104.77,14.5,0.053099999999999994,0.0051450782099145,5078.64
2024-03-07,5157.35,14.44,0.053099999999999994,0.010300170232939054,5104.77
2024-03-08,5123.68,14.74,0.053099999999999994,-0.006528546637323496,5157.35
2024-03-11,5117.93,15.22,0.053099999999999994,-0.0011222402648096708,5123.68
2024-03-12,5175.28,13.84,0.053099999999999994,0.01120570230542417,5117.93
2024-03-13,5165.3,13.75,0.053099999999999994,-0.0019283980770121723,5175.28
2024-03-14,5150.47,14.4,0.053099999999999994,-0.002871082028149341,5165.3
2024-03-15,5117.1,14.41,0.053099999999999994,-0.006479020361248589,5150.47
2024-03-18,5149.43,14.33,0.053099999999999994,0.006318031697641224,5117.1
2024-03-19,5178.52,13.82,0.053099999999999994,0.005649168937144511,5149.43
2024-03-20,5224.63,13.04,0.053099999999999994,0.008904088426809231,5178.52
2024-03-21,5241.54,12.92,0.053099999999999994,0.0032365928304971536,5224.63
2024-03-22,5234.17,13.06,0.053099999999999994,-0.0014060753137437043,5241.54
2024-03-25,5218.18,13.19,0.053099999999999994,-0.00305492561380305,5234.17
2024-03-26,5203.57,13.24,0.053200000000000004,-0.0027998267595216175,5218.18
2024-03-27,5248.48,12.78,0.0533,0.008630613213620686,5203.57
2024-03-28,5254.34,13.01,0.053399999999999996,0.0011165137335000797,5248.48
2024-04-01,5243.78,13.65,0.0535,-0.0020097671639064396,5254.34
2024-04-02,5205.8,14.61,0.053399999999999996,-0.007242866786936086,5243.78
2024-04-03,5211.48,14.33,0.053200000000000004,0.0010910907065195818,5205.8
2024-04-04,5147.2,16.35,0.053200000000000004,-0.012334308104415603,5211.48
2024-04-05,5204.35,16.03,0.053200000000000004,0.011103124028598144,5147.2
2024-04-08,5202.38,15.19,0.053099999999999994,-0.00037852949936112434,5204.35
2024-04-09,5209.92,14.98,0.053099999999999994,0.0014493366497640991,5202.38
2024-04-10,5160.65,15.8,0.053099999999999994,-0.009456959032000611,5209.92
2024-04-11,5199.05,14.91,0.053099999999999994,0.007440923139527156,5160.65
2024-04-12,5123.4,17.31,0.053099999999999994,-0.014550735230474898,5199.05
2024-04-15,5061.81,19.23,0.053200000000000004,-0.012021313971190883,5123.4
2024-04-16,5051.4,18.4,0.053099999999999994,-0.0020565766000700814,5061.81
2024-04-17,5022.22,18.21,0.053099999999999994,-0.005776616383576738,5051.4
2024-04-18,5011.11,18.0,0.053,-0.002212169120428875,5022.22
2024-04-19,4967.24,18.71,0.053099999999999994,-0.008754547395686818,5011.11
2024-04-22,5010.59,16.94,0.053099999999999994,0.008727180486547859,4967.24
2024-04-23,5070.56,15.69,0.053099999999999994,0.011968650398456182,5010.59
2024-04-24,5071.62,15.97,0.053099999999999994,0.00020904988798076118,5070.56
2024-04-25,5048.41,15.37,0.053099999999999994,-0.004576446973550863,5071.62
2024-04-26,5099.95,15.03,0.053200000000000004,0.010209154961661193,5048.41
2024-04-29,5116.16,14.67,0.053200000000000004,0.00317846253394638,5099.95
2024-04-30,5035.7,15.65,0.053399999999999996,-0.015726638729046782,5116.16
2024-05-01,5018.4,15.39,0.053200000000000004,-0.00343547073892414,5035.7
